Day,Month,Cases,Label
24,3,6,AF
23,3,10,AF
22,3,0,AF
21,3,2,AF
20,3,0,AF
19,3,0,AF
18,3,1,AF
17,3,5,AF
16,3,6,AF
15,3,3,AF
11,3,3,AF
8,3,3,AF
2,3,0,AF
1,3,0,AF
29,2,0,AF
28,2,0,AF
27,2,0,AF
26,2,0,AF
25,2,1,AF
24,2,0,AF
23,2,0,AF
22,2,0,AF
21,2,0,AF
20,2,0,AF
19,2,0,AF
18,2,0,AF
17,2,0,AF
16,2,0,AF
15,2,0,AF
14,2,0,AF
13,2,0,AF
12,2,0,AF
11,2,0,AF
10,2,0,AF
9,2,0,AF
8,2,0,AF
7,2,0,AF
6,2,0,AF
5,2,0,AF
4,2,0,AF
3,2,0,AF
2,2,0,AF
1,2,0,AF
31,1,0,AF
30,1,0,AF
29,1,0,AF
28,1,0,AF
27,1,0,AF
26,1,0,AF
25,1,0,AF
24,1,0,AF
23,1,0,AF
22,1,0,AF
21,1,0,AF
20,1,0,AF
19,1,0,AF
18,1,0,AF
17,1,0,AF
16,1,0,AF
15,1,0,AF
14,1,0,AF
13,1,0,AF
12,1,0,AF
11,1,0,AF
10,1,0,AF
9,1,0,AF
8,1,0,AF
7,1,0,AF
6,1,0,AF
5,1,0,AF
4,1,0,AF
3,1,0,AF
2,1,0,AF
1,1,0,AF
31,12,0,AF
24,3,0,AO
23,3,0,AO
22,3,2,AO
24,3,11,AL
23,3,13,AL
22,3,6,AL
21,3,0,AL
20,3,11,AL
19,3,4,AL
18,3,4,AL
17,3,9,AL
16,3,4,AL
15,3,5,AL
14,3,10,AL
13,3,12,AL
12,3,1,AL
11,3,4,AL
10,3,4,AL
9,3,2,AL
24,3,20,AD
23,3,25,AD
22,3,13,AD
21,3,0,AD
20,3,22,AD
19,3,39,AD
18,3,0,AD
17,3,9,AD
16,3,3,AD
14,3,1,AD
3,3,1,AD
24,3,35,AR
23,3,41,AR
22,3,67,AR
21,3,30,AR
20,3,31,AR
19,3,18,AR
18,3,14,AR
17,3,9,AR
16,3,11,AR
15,3,11,AR
14,3,3,AR
13,3,12,AR
11,3,7,AR
9,3,3,AR
8,3,1,AR
7,3,6,AR
6,3,1,AR
4,3,1,AR
24,3,4,AM
23,3,30,AM
22,3,24,AM
21,3,14,AM
20,3,7,AM
24,3,0,AG
23,3,0,AG
22,3,0,AG
21,3,0,AG
15,3,1,AG
24,3,87,DZ
23,3,8,DZ
22,3,0,DZ
21,3,12,DZ
20,3,9,DZ
19,3,13,DZ
18,3,0,DZ
17,3,12,DZ
16,3,11,DZ
15,3,11,DZ
14,3,2,DZ
13,3,4,DZ
12,3,0,DZ
9,3,3,DZ
6,3,5,DZ
5,3,7,DZ
4,3,2,DZ
2,3,2,DZ
1,3,0,DZ
29,2,0,DZ
28,2,0,DZ
27,2,0,DZ
26,2,1,DZ
25,2,0,DZ
24,2,0,DZ
23,2,0,DZ
22,2,0,DZ
21,2,0,DZ
20,2,0,DZ
19,2,0,DZ
18,2,0,DZ
17,2,0,DZ
16,2,0,DZ
15,2,0,DZ
14,2,0,DZ
13,2,0,DZ
12,2,0,DZ
11,2,0,DZ
10,2,0,DZ
9,2,0,DZ
8,2,0,DZ
7,2,0,DZ
6,2,0,DZ
5,2,0,DZ
4,2,0,DZ
3,2,0,DZ
2,2,0,DZ
1,2,0,DZ
31,1,0,DZ
30,1,0,DZ
29,1,0,DZ
28,1,0,DZ
27,1,0,DZ
26,1,0,DZ
25,1,0,DZ
24,1,0,DZ
23,1,0,DZ
22,1,0,DZ
21,1,0,DZ
20,1,0,DZ
19,1,0,DZ
18,1,0,DZ
17,1,0,DZ
16,1,0,DZ
15,1,0,DZ
14,1,0,DZ
13,1,0,DZ
12,1,0,DZ
11,1,0,DZ
10,1,0,DZ
9,1,0,DZ
8,1,0,DZ
7,1,0,DZ
6,1,0,DZ
5,1,0,DZ
4,1,0,DZ
3,1,0,DZ
2,1,0,DZ
1,1,0,DZ
31,12,0,DZ
19,3,37,AM
18,3,26,AM
17,3,22,AM
16,3,10,AM
15,3,7,AM
14,3,7,AM
13,3,2,AM
12,3,3,AM
2,3,0,AM
1,3,1,AM
29,2,0,AM
28,2,0,AM
27,2,0,AM
26,2,0,AM
25,2,0,AM
24,2,0,AM
23,2,0,AM
22,2,0,AM
21,2,0,AM
20,2,0,AM
19,2,0,AM
18,2,0,AM
17,2,0,AM
16,2,0,AM
15,2,0,AM
14,2,0,AM
13,2,0,AM
12,2,0,AM
11,2,0,AM
10,2,0,AM
9,2,0,AM
8,2,0,AM
7,2,0,AM
6,2,0,AM
5,2,0,AM
4,2,0,AM
3,2,0,AM
2,2,0,AM
1,2,0,AM
31,1,0,AM
30,1,0,AM
29,1,0,AM
28,1,0,AM
27,1,0,AM
26,1,0,AM
25,1,0,AM
24,1,0,AM
23,1,0,AM
22,1,0,AM
21,1,0,AM
20,1,0,AM
19,1,0,AM
18,1,0,AM
17,1,0,AM
16,1,0,AM
15,1,0,AM
14,1,0,AM
13,1,0,AM
12,1,0,AM
11,1,0,AM
10,1,0,AM
9,1,0,AM
8,1,0,AM
7,1,0,AM
6,1,0,AM
5,1,0,AM
4,1,0,AM
3,1,0,AM
2,1,0,AM
1,1,0,AM
31,12,0,AM
24,3,114,AU
23,3,611,AU
22,3,224,AU
21,3,165,AU
20,3,144,AU
19,3,111,AU
18,3,79,AU
17,3,77,AU
16,3,49,AU
15,3,52,AU
14,3,41,AU
13,3,30,AU
12,3,14,AU
11,3,12,AU
10,3,20,AU
9,3,6,AU
8,3,11,AU
7,3,4,AU
6,3,7,AU
5,3,11,AU
4,3,8,AU
3,3,4,AU
2,3,3,AU
1,3,1,AU
29,2,2,AU
28,2,0,AU
27,2,1,AU
26,2,0,AU
25,2,0,AU
24,2,0,AU
23,2,1,AU
22,2,4,AU
21,2,2,AU
20,2,0,AU
19,2,0,AU
18,2,0,AU
17,2,0,AU
16,2,0,AU
15,2,0,AU
14,2,1,AU
13,2,0,AU
12,2,0,AU
11,2,0,AU
10,2,0,AU
9,2,0,AU
8,2,0,AU
7,2,1,AU
6,2,1,AU
5,2,1,AU
4,2,0,AU
3,2,0,AU
2,2,2,AU
1,2,2,AU
31,1,1,AU
30,1,2,AU
29,1,0,AU
28,1,0,AU
27,1,0,AU
26,1,3,AU
25,1,1,AU
24,1,0,AU
23,1,0,AU
22,1,0,AU
21,1,0,AU
20,1,0,AU
19,1,0,AU
18,1,0,AU
17,1,0,AU
16,1,0,AU
15,1,0,AU
14,1,0,AU
13,1,0,AU
12,1,0,AU
11,1,0,AU
10,1,0,AU
9,1,0,AU
8,1,0,AU
7,1,0,AU
6,1,0,AU
5,1,0,AU
4,1,0,AU
3,1,0,AU
2,1,0,AU
1,1,0,AU
31,12,0,AU
24,3,855,AT
23,3,607,AT
22,3,375,AT
21,3,453,AT
20,3,550,AT
19,3,314,AT
18,3,316,AT
17,3,156,AT
16,3,205,AT
15,3,151,AT
14,3,143,AT
13,3,115,AT
12,3,64,AT
11,3,51,AT
10,3,29,AT
9,3,3,AT
8,3,25,AT
7,3,33,AT
6,3,12,AT
5,3,5,AT
4,3,6,AT
3,3,4,AT
2,3,4,AT
1,3,3,AT
29,2,2,AT
28,2,3,AT
27,2,0,AT
26,2,2,AT
25,2,0,AT
24,2,0,AT
23,2,0,AT
22,2,0,AT
21,2,0,AT
20,2,0,AT
19,2,0,AT
18,2,0,AT
17,2,0,AT
16,2,0,AT
15,2,0,AT
14,2,0,AT
13,2,0,AT
12,2,0,AT
11,2,0,AT
10,2,0,AT
9,2,0,AT
8,2,0,AT
7,2,0,AT
6,2,0,AT
5,2,0,AT
4,2,0,AT
3,2,0,AT
2,2,0,AT
1,2,0,AT
31,1,0,AT
30,1,0,AT
29,1,0,AT
28,1,0,AT
27,1,0,AT
26,1,0,AT
25,1,0,AT
24,1,0,AT
23,1,0,AT
22,1,0,AT
21,1,0,AT
20,1,0,AT
19,1,0,AT
18,1,0,AT
17,1,0,AT
16,1,0,AT
15,1,0,AT
14,1,0,AT
13,1,0,AT
12,1,0,AT
11,1,0,AT
10,1,0,AT
9,1,0,AT
8,1,0,AT
7,1,0,AT
6,1,0,AT
5,1,0,AT
4,1,0,AT
3,1,0,AT
2,1,0,AT
1,1,0,AT
31,12,0,AT
24,3,7,AZ
23,3,12,AZ
22,3,9,AZ
21,3,0,AZ
20,3,10,AZ
19,3,6,AZ
18,3,9,AZ
17,3,0,AZ
16,3,0,AZ
15,3,6,AZ
13,3,0,AZ
12,3,2,AZ
11,3,2,AZ
7,3,3,AZ
6,3,3,AZ
2,3,2,AZ
1,3,0,AZ
29,2,1,AZ
28,2,0,AZ
27,2,0,AZ
26,2,0,AZ
25,2,0,AZ
24,2,0,AZ
23,2,0,AZ
22,2,0,AZ
21,2,0,AZ
20,2,0,AZ
19,2,0,AZ
18,2,0,AZ
17,2,0,AZ
16,2,0,AZ
15,2,0,AZ
14,2,0,AZ
13,2,0,AZ
12,2,0,AZ
11,2,0,AZ
10,2,0,AZ
9,2,0,AZ
8,2,0,AZ
7,2,0,AZ
6,2,0,AZ
5,2,0,AZ
4,2,0,AZ
3,2,0,AZ
2,2,0,AZ
1,2,0,AZ
31,1,0,AZ
30,1,0,AZ
29,1,0,AZ
28,1,0,AZ
27,1,0,AZ
26,1,0,AZ
25,1,0,AZ
24,1,0,AZ
23,1,0,AZ
22,1,0,AZ
21,1,0,AZ
20,1,0,AZ
19,1,0,AZ
18,1,0,AZ
17,1,0,AZ
16,1,0,AZ
15,1,0,AZ
14,1,0,AZ
13,1,0,AZ
12,1,0,AZ
11,1,0,AZ
10,1,0,AZ
9,1,0,AZ
8,1,0,AZ
7,1,0,AZ
6,1,0,AZ
5,1,0,AZ
4,1,0,AZ
3,1,0,AZ
2,1,0,AZ
1,1,0,AZ
31,12,0,AZ
24,3,0,BS
23,3,0,BS
22,3,0,BS
21,3,1,BS
20,3,2,BS
17,3,0,BS
16,3,1,BS
24,3,5,BH
23,3,28,BH
22,3,21,BH
21,3,16,BH
20,3,13,BH
19,3,19,BH
18,3,16,BH
17,3,7,BH
16,3,3,BH
15,3,1,BH
14,3,48,BH
13,3,0,BH
12,3,52,BH
11,3,1,BH
10,3,30,BH
9,3,16,BH
8,3,7,BH
7,3,4,BH
6,3,0,BH
5,3,3,BH
4,3,2,BH
2,3,6,BH
1,3,3,BH
29,2,5,BH
28,2,0,BH
27,2,10,BH
26,2,21,BH
25,2,1,BH
24,2,1,BH
23,2,0,BH
22,2,0,BH
21,2,0,BH
20,2,0,BH
19,2,0,BH
18,2,0,BH
17,2,0,BH
16,2,0,BH
15,2,0,BH
14,2,0,BH
13,2,0,BH
12,2,0,BH
11,2,0,BH
10,2,0,BH
9,2,0,BH
8,2,0,BH
7,2,0,BH
6,2,0,BH
5,2,0,BH
4,2,0,BH
3,2,0,BH
2,2,0,BH
1,2,0,BH
31,1,0,BH
30,1,0,BH
29,1,0,BH
28,1,0,BH
27,1,0,BH
26,1,0,BH
25,1,0,BH
24,1,0,BH
23,1,0,BH
22,1,0,BH
21,1,0,BH
20,1,0,BH
19,1,0,BH
18,1,0,BH
17,1,0,BH
16,1,0,BH
15,1,0,BH
14,1,0,BH
13,1,0,BH
12,1,0,BH
11,1,0,BH
10,1,0,BH
9,1,0,BH
8,1,0,BH
7,1,0,BH
6,1,0,BH
5,1,0,BH
4,1,0,BH
3,1,0,BH
2,1,0,BH
1,1,0,BH
31,12,0,BH
24,3,6,BD
23,3,3,BD
22,3,7,BD
21,3,7,BD
20,3,0,BD
19,3,2,BD
18,3,3,BD
17,3,2,BD
15,3,0,BD
9,3,3,BD
24,3,0,BB
23,3,3,BB
22,3,8,BB
21,3,4,BB
20,3,1,BB
19,3,0,BB
18,3,1,BB
24,3,5,BY
23,3,0,BY
22,3,19,BY
21,3,0,BY
20,3,11,BY
19,3,10,BY
18,3,0,BY
17,3,9,BY
16,3,6,BY
13,3,9,BY
12,3,3,BY
11,3,3,BY
5,3,2,BY
4,3,3,BY
2,3,0,BY
1,3,0,BY
29,2,0,BY
28,2,1,BY
27,2,0,BY
26,2,0,BY
25,2,0,BY
24,2,0,BY
23,2,0,BY
22,2,0,BY
21,2,0,BY
20,2,0,BY
19,2,0,BY
18,2,0,BY
17,2,0,BY
16,2,0,BY
15,2,0,BY
14,2,0,BY
13,2,0,BY
12,2,0,BY
11,2,0,BY
10,2,0,BY
9,2,0,BY
8,2,0,BY
7,2,0,BY
6,2,0,BY
5,2,0,BY
4,2,0,BY
3,2,0,BY
2,2,0,BY
1,2,0,BY
31,1,0,BY
30,1,0,BY
29,1,0,BY
28,1,0,BY
27,1,0,BY
26,1,0,BY
25,1,0,BY
24,1,0,BY
23,1,0,BY
22,1,0,BY
21,1,0,BY
20,1,0,BY
19,1,0,BY
18,1,0,BY
17,1,0,BY
16,1,0,BY
15,1,0,BY
14,1,0,BY
13,1,0,BY
12,1,0,BY
11,1,0,BY
10,1,0,BY
9,1,0,BY
8,1,0,BY
7,1,0,BY
6,1,0,BY
5,1,0,BY
4,1,0,BY
3,1,0,BY
2,1,0,BY
1,1,0,BY
31,12,0,BY
24,3,342,BE
23,3,586,BE
22,3,558,BE
21,3,462,BE
20,3,309,BE
19,3,243,BE
18,3,158,BE
17,3,199,BE
16,3,197,BE
15,3,130,BE
14,3,160,BE
13,3,85,BE
12,3,47,BE
11,3,28,BE
10,3,39,BE
9,3,31,BE
8,3,60,BE
7,3,59,BE
6,3,27,BE
5,3,10,BE
4,3,5,BE
3,3,6,BE
2,3,1,BE
1,3,0,BE
29,2,0,BE
28,2,0,BE
27,2,0,BE
26,2,0,BE
25,2,0,BE
24,2,0,BE
23,2,0,BE
22,2,0,BE
21,2,0,BE
20,2,0,BE
19,2,0,BE
18,2,0,BE
17,2,0,BE
16,2,0,BE
15,2,0,BE
14,2,0,BE
13,2,0,BE
12,2,0,BE
11,2,0,BE
10,2,0,BE
9,2,0,BE
8,2,0,BE
7,2,0,BE
6,2,0,BE
5,2,0,BE
4,2,1,BE
3,2,0,BE
2,2,0,BE
1,2,0,BE
31,1,0,BE
30,1,0,BE
29,1,0,BE
28,1,0,BE
27,1,0,BE
26,1,0,BE
25,1,0,BE
24,1,0,BE
23,1,0,BE
22,1,0,BE
21,1,0,BE
20,1,0,BE
19,1,0,BE
18,1,0,BE
17,1,0,BE
16,1,0,BE
15,1,0,BE
14,1,0,BE
13,1,0,BE
12,1,0,BE
11,1,0,BE
10,1,0,BE
9,1,0,BE
8,1,0,BE
7,1,0,BE
6,1,0,BE
5,1,0,BE
4,1,0,BE
3,1,0,BE
2,1,0,BE
1,1,0,BE
31,12,0,BE
24,3,1,BZ
24,3,3,BJ
23,3,0,BJ
22,3,0,BJ
21,3,0,BJ
20,3,1,BJ
19,3,0,BJ
18,3,0,BJ
17,3,1,BJ
24,3,0,BM
23,3,4,BM
22,3,0,BM
21,3,0,BM
20,3,2,BM
24,3,0,BT
23,3,0,BT
22,3,0,BT
21,3,1,BT
20,3,0,BT
19,3,0,BT
18,3,0,BT
17,3,0,BT
15,3,0,BT
13,3,0,BT
6,3,1,BT
24,3,1,BO
23,3,7,BO
22,3,1,BO
21,3,4,BO
20,3,3,BO
19,3,0,BO
18,3,1,BO
17,3,1,BO
15,3,0,BO
14,3,7,BO
13,3,1,BO
12,3,2,BO
24,3,4,BA
23,3,33,BA
22,3,48,BA
21,3,0,BA
20,3,8,BA
19,3,15,BA
18,3,0,BA
17,3,3,BA
16,3,15,BA
13,3,0,BA
12,3,1,BA
6,3,2,BA
24,3,345,BR
23,3,418,BR
22,3,224,BR
21,3,283,BR
20,3,193,BR
19,3,137,BR
18,3,57,BR
17,3,34,BR
16,3,79,BR
15,3,23,BR
14,3,21,BR
13,3,25,BR
12,3,18,BR
11,3,9,BR
9,3,12,BR
8,3,0,BR
7,3,5,BR
6,3,5,BR
5,3,1,BR
2,3,0,BR
1,3,1,BR
29,2,0,BR
28,2,0,BR
27,2,0,BR
26,2,1,BR
25,2,0,BR
24,2,0,BR
23,2,0,BR
22,2,0,BR
21,2,0,BR
20,2,0,BR
19,2,0,BR
18,2,0,BR
17,2,0,BR
16,2,0,BR
15,2,0,BR
14,2,0,BR
13,2,0,BR
12,2,0,BR
11,2,0,BR
10,2,0,BR
9,2,0,BR
8,2,0,BR
7,2,0,BR
6,2,0,BR
5,2,0,BR
4,2,0,BR
3,2,0,BR
2,2,0,BR
1,2,0,BR
31,1,0,BR
30,1,0,BR
29,1,0,BR
28,1,0,BR
27,1,0,BR
26,1,0,BR
25,1,0,BR
24,1,0,BR
23,1,0,BR
22,1,0,BR
21,1,0,BR
20,1,0,BR
19,1,0,BR
18,1,0,BR
17,1,0,BR
16,1,0,BR
15,1,0,BR
14,1,0,BR
13,1,0,BR
12,1,0,BR
11,1,0,BR
10,1,0,BR
9,1,0,BR
8,1,0,BR
7,1,0,BR
6,1,0,BR
5,1,0,BR
4,1,0,BR
3,1,0,BR
2,1,0,BR
1,1,0,BR
31,12,0,BR
24,3,3,BN
23,3,5,BN
22,3,5,BN
21,3,5,BN
20,3,5,BN
19,3,12,BN
18,3,2,BN
17,3,4,BN
16,3,10,BN
15,3,3,BN
14,3,12,BN
13,3,14,BN
12,3,10,BN
10,3,1,BN
24,3,16,BG
23,3,22,BG
22,3,36,BG
21,3,22,BG
20,3,13,BG
19,3,11,BG
18,3,19,BG
17,3,11,BG
16,3,10,BG
15,3,10,BG
14,3,8,BG
13,3,16,BG
12,3,3,BG
9,3,2,BG
8,3,2,BG
24,3,11,BF
23,3,0,BF
22,3,24,BF
21,3,7,BF
20,3,7,BF
19,3,6,BF
18,3,0,BF
17,3,17,BF
16,3,0,BF
15,3,1,BF
12,3,0,BF
11,3,2,BF
24,3,1,KH
23,3,35,KH
22,3,4,KH
21,3,23,KH
20,3,0,KH
19,3,0,KH
18,3,0,KH
17,3,12,KH
16,3,5,KH
15,3,2,KH
13,3,2,KH
12,3,1,KH
8,3,1,KH
2,3,0,KH
1,3,0,KH
29,2,0,KH
28,2,0,KH
27,2,0,KH
26,2,0,KH
25,2,0,KH
24,2,0,KH
23,2,0,KH
22,2,0,KH
21,2,0,KH
20,2,0,KH
19,2,0,KH
18,2,0,KH
17,2,0,KH
16,2,0,KH
15,2,0,KH
14,2,0,KH
13,2,0,KH
12,2,0,KH
11,2,0,KH
10,2,0,KH
9,2,0,KH
8,2,0,KH
7,2,0,KH
6,2,0,KH
5,2,0,KH
4,2,0,KH
3,2,0,KH
2,2,0,KH
1,2,0,KH
31,1,0,KH
30,1,0,KH
29,1,0,KH
28,1,1,KH
27,1,0,KH
26,1,0,KH
25,1,0,KH
24,1,0,KH
23,1,0,KH
22,1,0,KH
21,1,0,KH
20,1,0,KH
19,1,0,KH
18,1,0,KH
17,1,0,KH
16,1,0,KH
15,1,0,KH
14,1,0,KH
13,1,0,KH
12,1,0,KH
11,1,0,KH
10,1,0,KH
9,1,0,KH
8,1,0,KH
7,1,0,KH
6,1,0,KH
5,1,0,KH
4,1,0,KH
3,1,0,KH
2,1,0,KH
1,1,0,KH
31,12,0,KH
24,3,29,CM
23,3,0,CM
22,3,0,CM
21,3,13,CM
20,3,4,CM
19,3,0,CM
18,3,6,CM
17,3,0,CM
16,3,1,CM
15,3,1,CM
9,3,1,CM
7,3,1,CM
24,3,216,CA
23,3,199,CA
22,3,260,CA
21,3,125,CA
20,3,156,CA
19,3,121,CA
18,3,145,CA
17,3,120,CA
16,3,60,CA
15,3,68,CA
14,3,38,CA
13,3,35,CA
12,3,10,CA
11,3,16,CA
10,3,15,CA
9,3,5,CA
8,3,6,CA
7,3,6,CA
6,3,12,CA
5,3,3,CA
4,3,3,CA
3,3,3,CA
2,3,4,CA
1,3,4,CA
29,2,2,CA
28,2,2,CA
27,2,1,CA
26,2,0,CA
25,2,2,CA
24,2,0,CA
23,2,0,CA
22,2,0,CA
21,2,1,CA
20,2,0,CA
19,2,0,CA
18,2,0,CA
17,2,0,CA
16,2,0,CA
15,2,1,CA
14,2,0,CA
13,2,0,CA
12,2,0,CA
11,2,0,CA
10,2,0,CA
9,2,0,CA
8,2,0,CA
7,2,2,CA
6,2,0,CA
5,2,1,CA
4,2,0,CA
3,2,0,CA
2,2,0,CA
1,2,1,CA
31,1,0,CA
30,1,0,CA
29,1,1,CA
28,1,1,CA
27,1,0,CA
26,1,1,CA
25,1,0,CA
24,1,0,CA
23,1,0,CA
22,1,0,CA
21,1,0,CA
20,1,0,CA
19,1,0,CA
18,1,0,CA
17,1,0,CA
16,1,0,CA
15,1,0,CA
14,1,0,CA
13,1,0,CA
12,1,0,CA
11,1,0,CA
10,1,0,CA
9,1,0,CA
8,1,0,CA
7,1,0,CA
6,1,0,CA
5,1,0,CA
4,1,0,CA
3,1,0,CA
2,1,0,CA
1,1,0,CA
31,12,0,CA
24,3,0,CV
23,3,0,CV
22,3,1,CV
21,3,2,CV
10,3,-9,JPG11668
2,3,0,JPG11668
1,3,0,JPG11668
29,2,0,JPG11668
28,2,0,JPG11668
27,2,14,JPG11668
26,2,0,JPG11668
25,2,0,JPG11668
24,2,57,JPG11668
23,2,0,JPG11668
22,2,0,JPG11668
21,2,13,JPG11668
20,2,79,JPG11668
19,2,88,JPG11668
18,2,99,JPG11668
17,2,0,JPG11668
16,2,134,JPG11668
15,2,0,JPG11668
14,2,47,JPG11668
13,2,0,JPG11668
12,2,39,JPG11668
11,2,65,JPG11668
10,2,6,JPG11668
9,2,0,JPG11668
8,2,3,JPG11668
7,2,41,JPG11668
6,2,10,JPG11668
5,2,10,JPG11668
4,2,0,JPG11668
3,2,0,JPG11668
2,2,0,JPG11668
1,2,0,JPG11668
31,1,0,JPG11668
30,1,0,JPG11668
29,1,0,JPG11668
28,1,0,JPG11668
27,1,0,JPG11668
26,1,0,JPG11668
25,1,0,JPG11668
24,1,0,JPG11668
23,1,0,JPG11668
22,1,0,JPG11668
21,1,0,JPG11668
20,1,0,JPG11668
19,1,0,JPG11668
18,1,0,JPG11668
17,1,0,JPG11668
16,1,0,JPG11668
15,1,0,JPG11668
14,1,0,JPG11668
13,1,0,JPG11668
12,1,0,JPG11668
11,1,0,JPG11668
10,1,0,JPG11668
9,1,0,JPG11668
8,1,0,JPG11668
7,1,0,JPG11668
6,1,0,JPG11668
5,1,0,JPG11668
4,1,0,JPG11668
3,1,0,JPG11668
2,1,0,JPG11668
1,1,0,JPG11668
31,12,0,JPG11668
24,3,0,KY
23,3,0,KY
22,3,0,KY
21,3,2,KY
20,3,1,KY
24,3,0,CF
23,3,1,CF
22,3,2,CF
21,3,0,CF
20,3,0,CF
19,3,0,CF
18,3,0,CF
17,3,0,CF
16,3,1,CF
24,3,0,TD
23,3,0,TD
22,3,1,TD
21,3,0,TD
20,3,1,TD
24,3,114,CL
23,3,95,CL
22,3,103,CL
21,3,92,CL
20,3,104,CL
19,3,37,CL
18,3,45,CL
17,3,81,CL
16,3,14,CL
15,3,18,CL
14,3,10,CL
13,3,10,CL
12,3,6,CL
11,3,4,CL
10,3,3,CL
9,3,5,CL
7,3,1,CL
6,3,1,CL
5,3,2,CL
4,3,1,CL
24,3,99,CN
23,3,150,CN
22,3,83,CN
21,3,79,CN
20,3,99,CN
19,3,75,CN
18,3,33,CN
17,3,110,CN
16,3,25,CN
15,3,22,CN
14,3,19,CN
13,3,22,CN
12,3,24,CN
11,3,29,CN
10,3,20,CN
9,3,45,CN
8,3,46,CN
7,3,101,CN
6,3,170,CN
5,3,117,CN
4,3,119,CN
3,3,127,CN
2,3,205,CN
1,3,574,CN
29,2,428,CN
28,2,329,CN
27,2,439,CN
26,2,410,CN
25,2,515,CN
24,2,218,CN
23,2,647,CN
22,2,826,CN
21,2,891,CN
20,2,394,CN
19,2,1750,CN
18,2,1890,CN
17,2,2052,CN
16,2,2007,CN
15,2,2538,CN
14,2,4156,CN
13,2,15141,CN
12,2,2028,CN
11,2,2490,CN
10,2,2974,CN
9,2,2607,CN
8,2,3418,CN
7,2,3160,CN
6,2,3727,CN
5,2,3872,CN
4,2,3237,CN
3,2,2812,CN
2,2,2590,CN
1,2,2095,CN
31,1,1980,CN
30,1,1740,CN
29,1,1466,CN
28,1,1753,CN
27,1,787,CN
26,1,665,CN
25,1,441,CN
24,1,259,CN
23,1,97,CN
22,1,140,CN
21,1,151,CN
20,1,19,CN
19,1,136,CN
18,1,17,CN
17,1,4,CN
16,1,0,CN
15,1,0,CN
14,1,0,CN
13,1,0,CN
12,1,0,CN
11,1,0,CN
10,1,0,CN
9,1,0,CN
8,1,0,CN
7,1,0,CN
6,1,0,CN
5,1,15,CN
4,1,0,CN
3,1,17,CN
2,1,0,CN
1,1,0,CN
31,12,27,CN
24,3,0,CO
23,3,25,CO
22,3,52,CO
21,3,30,CO
20,3,26,CO
19,3,37,CO
18,3,8,CO
17,3,12,CO
16,3,11,CO
15,3,18,CO
14,3,7,CO
12,3,6,CO
10,3,2,CO
7,3,1,CO
24,3,0,CG
23,3,0,CG
22,3,1,CG
21,3,0,CG
20,3,0,CG
19,3,2,CG
18,3,0,CG
17,3,0,CG
16,3,1,CG
24,3,24,CR
23,3,17,CR
22,3,4,CR
21,3,26,CR
20,3,18,CR
19,3,19,CR
18,3,9,CR
17,3,6,CR
16,3,8,CR
15,3,1,CR
14,3,3,CR
13,3,1,CR
12,3,9,CR
11,3,4,CR
10,3,4,CR
9,3,4,CR
7,3,1,CR
24,3,0,CI
23,3,8,CI
22,3,3,CI
21,3,5,CI
20,3,3,CI
19,3,1,CI
18,3,0,CI
17,3,1,CI
16,3,0,CI
15,3,3,CI
12,3,1,CI
24,3,71,HR
23,3,29,HR
22,3,80,HR
21,3,22,HR
20,3,23,HR
19,3,12,HR
18,3,13,HR
17,3,8,HR
16,3,11,HR
15,3,6,HR
14,3,6,HR
13,3,9,HR
12,3,3,HR
9,3,1,HR
8,3,1,HR
7,3,1,HR
6,3,1,HR
4,3,1,HR
3,3,1,HR
2,3,2,HR
1,3,0,HR
29,2,2,HR
28,2,1,HR
27,2,1,HR
26,2,1,HR
25,2,0,HR
24,2,0,HR
23,2,0,HR
22,2,0,HR
21,2,0,HR
20,2,0,HR
19,2,0,HR
18,2,0,HR
17,2,0,HR
16,2,0,HR
15,2,0,HR
14,2,0,HR
13,2,0,HR
12,2,0,HR
11,2,0,HR
10,2,0,HR
9,2,0,HR
8,2,0,HR
7,2,0,HR
6,2,0,HR
5,2,0,HR
4,2,0,HR
3,2,0,HR
2,2,0,HR
1,2,0,HR
31,1,0,HR
30,1,0,HR
29,1,0,HR
28,1,0,HR
27,1,0,HR
26,1,0,HR
25,1,0,HR
24,1,0,HR
23,1,0,HR
22,1,0,HR
21,1,0,HR
20,1,0,HR
19,1,0,HR
18,1,0,HR
17,1,0,HR
16,1,0,HR
15,1,0,HR
14,1,0,HR
13,1,0,HR
12,1,0,HR
11,1,0,HR
10,1,0,HR
9,1,0,HR
8,1,0,HR
7,1,0,HR
6,1,0,HR
5,1,0,HR
4,1,0,HR
3,1,0,HR
2,1,0,HR
1,1,0,HR
31,12,0,HR
24,3,5,CU
23,3,10,CU
22,3,4,CU
21,3,5,CU
20,3,5,CU
19,3,4,CU
18,3,3,CU
15,3,0,CU
14,3,1,CU
12,3,3,CU
24,3,21,CY
23,3,11,CY
22,3,17,CY
21,3,9,CY
20,3,0,CY
19,3,18,CY
18,3,0,CY
17,3,10,CY
16,3,9,CY
15,3,7,CY
14,3,8,CY
12,3,4,CY
10,3,2,CY
24,3,71,CZ
23,3,170,CZ
22,3,91,CZ
21,3,210,CZ
20,3,172,CZ
19,3,88,CZ
18,3,90,CZ
17,3,46,CZ
16,3,84,CZ
15,3,64,CZ
14,3,34,CZ
13,3,22,CZ
12,3,31,CZ
11,3,23,CZ
10,3,8,CZ
9,3,6,CZ
8,3,7,CZ
7,3,7,CZ
6,3,4,CZ
5,3,3,CZ
4,3,0,CZ
3,3,2,CZ
2,3,3,CZ
1,3,0,CZ
29,2,0,CZ
28,2,0,CZ
27,2,0,CZ
26,2,0,CZ
25,2,0,CZ
24,2,0,CZ
23,2,0,CZ
22,2,0,CZ
21,2,0,CZ
20,2,0,CZ
19,2,0,CZ
18,2,0,CZ
17,2,0,CZ
16,2,0,CZ
15,2,0,CZ
14,2,0,CZ
13,2,0,CZ
12,2,0,CZ
11,2,0,CZ
10,2,0,CZ
9,2,0,CZ
8,2,0,CZ
7,2,0,CZ
6,2,0,CZ
5,2,0,CZ
4,2,0,CZ
3,2,0,CZ
2,2,0,CZ
1,2,0,CZ
31,1,0,CZ
30,1,0,CZ
29,1,0,CZ
28,1,0,CZ
27,1,0,CZ
26,1,0,CZ
25,1,0,CZ
24,1,0,CZ
23,1,0,CZ
22,1,0,CZ
21,1,0,CZ
20,1,0,CZ
19,1,0,CZ
18,1,0,CZ
17,1,0,CZ
16,1,0,CZ
15,1,0,CZ
14,1,0,CZ
13,1,0,CZ
12,1,0,CZ
11,1,0,CZ
10,1,0,CZ
9,1,0,CZ
8,1,0,CZ
7,1,0,CZ
6,1,0,CZ
5,1,0,CZ
4,1,0,CZ
3,1,0,CZ
2,1,0,CZ
1,1,0,CZ
31,12,0,CZ
24,3,0,CD
23,3,3,CD
22,3,9,CD
21,3,0,CD
20,3,0,CD
19,3,11,CD
18,3,0,CD
17,3,1,CD
16,3,0,CD
15,3,0,CD
14,3,1,CD
11,3,1,CD
24,3,65,DK
23,3,69,DK
22,3,71,DK
21,3,104,DK
20,3,36,DK
19,3,91,DK
18,3,92,DK
17,3,57,DK
16,3,48,DK
15,3,23,DK
14,3,128,DK
13,3,160,DK
12,3,252,DK
11,3,151,DK
10,3,75,DK
9,3,7,DK
8,3,8,DK
7,3,3,DK
6,3,10,DK
5,3,2,DK
4,3,3,DK
3,3,1,DK
2,3,1,DK
1,3,1,DK
29,2,1,DK
28,2,0,DK
27,2,1,DK
26,2,0,DK
25,2,0,DK
24,2,0,DK
23,2,0,DK
22,2,0,DK
21,2,0,DK
20,2,0,DK
19,2,0,DK
18,2,0,DK
17,2,0,DK
16,2,0,DK
15,2,0,DK
14,2,0,DK
13,2,0,DK
12,2,0,DK
11,2,0,DK
10,2,0,DK
9,2,0,DK
8,2,0,DK
7,2,0,DK
6,2,0,DK
5,2,0,DK
4,2,0,DK
3,2,0,DK
2,2,0,DK
1,2,0,DK
31,1,0,DK
30,1,0,DK
29,1,0,DK
28,1,0,DK
27,1,0,DK
26,1,0,DK
25,1,0,DK
24,1,0,DK
23,1,0,DK
22,1,0,DK
21,1,0,DK
20,1,0,DK
19,1,0,DK
18,1,0,DK
17,1,0,DK
16,1,0,DK
15,1,0,DK
14,1,0,DK
13,1,0,DK
12,1,0,DK
11,1,0,DK
10,1,0,DK
9,1,0,DK
8,1,0,DK
7,1,0,DK
6,1,0,DK
5,1,0,DK
4,1,0,DK
3,1,0,DK
2,1,0,DK
1,1,0,DK
31,12,0,DK
24,3,2,DJ
23,3,0,DJ
22,3,0,DJ
21,3,0,DJ
20,3,0,DJ
19,3,1,DJ
24,3,0,DM
23,3,1,DM
24,3,43,DO
23,3,90,DO
22,3,78,DO
21,3,13,DO
20,3,0,DO
19,3,10,DO
18,3,0,DO
17,3,0,DO
16,3,0,DO
15,3,0,DO
14,3,6,DO
10,3,3,DO
7,3,1,DO
2,3,1,DO
1,3,0,DO
29,2,0,DO
28,2,0,DO
27,2,0,DO
26,2,0,DO
25,2,0,DO
24,2,0,DO
23,2,0,DO
22,2,0,DO
21,2,0,DO
20,2,0,DO
19,2,0,DO
18,2,0,DO
17,2,0,DO
16,2,0,DO
15,2,0,DO
14,2,0,DO
13,2,0,DO
12,2,0,DO
11,2,0,DO
10,2,0,DO
9,2,0,DO
8,2,0,DO
7,2,0,DO
6,2,0,DO
5,2,0,DO
4,2,0,DO
3,2,0,DO
2,2,0,DO
1,2,0,DO
31,1,0,DO
30,1,0,DO
29,1,0,DO
28,1,0,DO
27,1,0,DO
26,1,0,DO
25,1,0,DO
24,1,0,DO
23,1,0,DO
22,1,0,DO
21,1,0,DO
20,1,0,DO
19,1,0,DO
18,1,0,DO
17,1,0,DO
16,1,0,DO
15,1,0,DO
14,1,0,DO
13,1,0,DO
12,1,0,DO
11,1,0,DO
10,1,0,DO
9,1,0,DO
8,1,0,DO
7,1,0,DO
6,1,0,DO
5,1,0,DO
4,1,0,DO
3,1,0,DO
2,1,0,DO
1,1,0,DO
31,12,0,DO
24,3,192,EC
23,3,257,EC
22,3,106,EC
21,3,227,EC
20,3,31,EC
19,3,57,EC
18,3,53,EC
17,3,21,EC
16,3,9,EC
15,3,5,EC
14,3,6,EC
11,3,2,EC
10,3,1,EC
9,3,1,EC
6,3,3,EC
5,3,3,EC
3,3,1,EC
2,3,5,EC
1,3,1,EC
29,2,0,EC
28,2,0,EC
27,2,0,EC
26,2,0,EC
25,2,0,EC
24,2,0,EC
23,2,0,EC
22,2,0,EC
21,2,0,EC
20,2,0,EC
19,2,0,EC
18,2,0,EC
17,2,0,EC
16,2,0,EC
15,2,0,EC
14,2,0,EC
13,2,0,EC
12,2,0,EC
11,2,0,EC
10,2,0,EC
9,2,0,EC
8,2,0,EC
7,2,0,EC
6,2,0,EC
5,2,0,EC
4,2,0,EC
3,2,0,EC
2,2,0,EC
1,2,0,EC
31,1,0,EC
30,1,0,EC
29,1,0,EC
28,1,0,EC
27,1,0,EC
26,1,0,EC
25,1,0,EC
24,1,0,EC
23,1,0,EC
22,1,0,EC
21,1,0,EC
20,1,0,EC
19,1,0,EC
18,1,0,EC
17,1,0,EC
16,1,0,EC
15,1,0,EC
14,1,0,EC
13,1,0,EC
12,1,0,EC
11,1,0,EC
10,1,0,EC
9,1,0,EC
8,1,0,EC
7,1,0,EC
6,1,0,EC
5,1,0,EC
4,1,0,EC
3,1,0,EC
2,1,0,EC
1,1,0,EC
31,12,0,EC
24,3,33,EG
23,3,9,EG
22,3,29,EG
21,3,46,EG
20,3,14,EG
19,3,30,EG
18,3,40,EG
17,3,16,EG
16,3,17,EG
15,3,0,EG
14,3,13,EG
13,3,20,EG
12,3,1,EG
11,3,4,EG
10,3,6,EG
9,3,34,EG
7,3,12,EG
6,3,1,EG
2,3,1,EG
1,3,0,EG
29,2,0,EG
28,2,0,EG
27,2,0,EG
26,2,0,EG
25,2,0,EG
24,2,0,EG
23,2,0,EG
22,2,0,EG
21,2,0,EG
20,2,0,EG
19,2,0,EG
18,2,0,EG
17,2,0,EG
16,2,0,EG
15,2,1,EG
14,2,0,EG
13,2,0,EG
12,2,0,EG
11,2,0,EG
10,2,0,EG
9,2,0,EG
8,2,0,EG
7,2,0,EG
6,2,0,EG
5,2,0,EG
4,2,0,EG
3,2,0,EG
2,2,0,EG
1,2,0,EG
31,1,0,EG
30,1,0,EG
29,1,0,EG
28,1,0,EG
27,1,0,EG
26,1,0,EG
25,1,0,EG
24,1,0,EG
23,1,0,EG
22,1,0,EG
21,1,0,EG
20,1,0,EG
19,1,0,EG
18,1,0,EG
17,1,0,EG
16,1,0,EG
15,1,0,EG
14,1,0,EG
13,1,0,EG
12,1,0,EG
11,1,0,EG
10,1,0,EG
9,1,0,EG
8,1,0,EG
7,1,0,EG
6,1,0,EG
5,1,0,EG
4,1,0,EG
3,1,0,EG
2,1,0,EG
1,1,0,EG
31,12,0,EG
24,3,2,SV
23,3,0,SV
22,3,0,SV
21,3,2,SV
20,3,0,SV
19,3,1,SV
24,3,3,GQ
23,3,0,GQ
22,3,2,GQ
21,3,0,GQ
20,3,1,GQ
19,3,2,GQ
18,3,0,GQ
17,3,0,GQ
16,3,0,GQ
15,3,1,GQ
24,3,0,ER
23,3,0,ER
22,3,1,ER
24,3,26,EE
23,3,20,EE
22,3,23,EE
21,3,16,EE
20,3,9,EE
19,3,33,EE
18,3,20,EE
17,3,34,EE
16,3,56,EE
15,3,36,EE
14,3,52,EE
13,3,11,EE
12,3,3,EE
9,3,3,EE
7,3,5,EE
6,3,3,EE
4,3,1,EE
2,3,0,EE
1,3,0,EE
29,2,0,EE
28,2,1,EE
27,2,0,EE
26,2,0,EE
25,2,0,EE
24,2,0,EE
23,2,0,EE
22,2,0,EE
21,2,0,EE
20,2,0,EE
19,2,0,EE
18,2,0,EE
17,2,0,EE
16,2,0,EE
15,2,0,EE
14,2,0,EE
13,2,0,EE
12,2,0,EE
11,2,0,EE
10,2,0,EE
9,2,0,EE
8,2,0,EE
7,2,0,EE
6,2,0,EE
5,2,0,EE
4,2,0,EE
3,2,0,EE
2,2,0,EE
1,2,0,EE
31,1,0,EE
30,1,0,EE
29,1,0,EE
28,1,0,EE
27,1,0,EE
26,1,0,EE
25,1,0,EE
24,1,0,EE
23,1,0,EE
22,1,0,EE
21,1,0,EE
20,1,0,EE
19,1,0,EE
18,1,0,EE
17,1,0,EE
16,1,0,EE
15,1,0,EE
14,1,0,EE
13,1,0,EE
12,1,0,EE
11,1,0,EE
10,1,0,EE
9,1,0,EE
8,1,0,EE
7,1,0,EE
6,1,0,EE
5,1,0,EE
4,1,0,EE
3,1,0,EE
2,1,0,EE
1,1,0,EE
31,12,0,EE
24,3,0,SZ
23,3,3,SZ
22,3,0,SZ
21,3,0,SZ
20,3,0,SZ
19,3,0,SZ
18,3,0,SZ
17,3,0,SZ
16,3,0,SZ
15,3,1,SZ
24,3,0,ET
23,3,2,ET
22,3,0,ET
21,3,2,ET
20,3,1,ET
19,3,1,ET
18,3,0,ET
17,3,1,ET
16,3,3,ET
15,3,0,ET
14,3,1,ET
24,3,3,FO
23,3,23,FO
22,3,12,FO
21,3,8,FO
20,3,72,FO
24,3,1,FJ
23,3,1,FJ
22,3,1,FJ
21,3,0,FJ
20,3,1,FJ
24,3,74,FI
23,3,105,FI
22,3,71,FI
21,3,50,FI
20,3,31,FI
19,3,50,FI
18,3,47,FI
17,3,5,FI
16,3,57,FI
15,3,55,FI
13,3,96,FI
12,3,19,FI
10,3,10,FI
9,3,11,FI
7,3,7,FI
6,3,5,FI
4,3,1,FI
2,3,3,FI
1,3,0,FI
29,2,1,FI
28,2,0,FI
27,2,1,FI
26,2,0,FI
25,2,0,FI
24,2,0,FI
23,2,0,FI
22,2,0,FI
21,2,0,FI
20,2,0,FI
19,2,0,FI
18,2,0,FI
17,2,0,FI
16,2,0,FI
15,2,0,FI
14,2,0,FI
13,2,0,FI
12,2,0,FI
11,2,0,FI
10,2,0,FI
9,2,0,FI
8,2,0,FI
7,2,0,FI
6,2,0,FI
5,2,0,FI
4,2,0,FI
3,2,0,FI
2,2,0,FI
1,2,0,FI
31,1,0,FI
30,1,1,FI
29,1,0,FI
28,1,0,FI
27,1,0,FI
26,1,0,FI
25,1,0,FI
24,1,0,FI
23,1,0,FI
22,1,0,FI
21,1,0,FI
20,1,0,FI
19,1,0,FI
18,1,0,FI
17,1,0,FI
16,1,0,FI
15,1,0,FI
14,1,0,FI
13,1,0,FI
12,1,0,FI
11,1,0,FI
10,1,0,FI
9,1,0,FI
8,1,0,FI
7,1,0,FI
6,1,0,FI
5,1,0,FI
4,1,0,FI
3,1,0,FI
2,1,0,FI
1,1,0,FI
31,12,0,FI
24,3,3838,FR
23,3,1559,FR
22,3,1847,FR
21,3,1617,FR
20,3,1861,FR
19,3,1404,FR
18,3,1097,FR
17,3,1210,FR
16,3,924,FR
15,3,838,FR
14,3,785,FR
13,3,595,FR
12,3,497,FR
11,3,372,FR
10,3,286,FR
9,3,410,FR
8,3,103,FR
7,3,190,FR
6,3,138,FR
5,3,73,FR
4,3,34,FR
3,3,48,FR
2,3,30,FR
1,3,43,FR
29,2,19,FR
28,2,21,FR
27,2,3,FR
26,2,2,FR
25,2,0,FR
24,2,0,FR
23,2,0,FR
22,2,0,FR
21,2,0,FR
20,2,0,FR
19,2,0,FR
18,2,0,FR
17,2,1,FR
16,2,0,FR
15,2,0,FR
14,2,0,FR
13,2,0,FR
12,2,0,FR
11,2,0,FR
10,2,0,FR
9,2,0,FR
8,2,5,FR
7,2,0,FR
6,2,0,FR
5,2,0,FR
4,2,0,FR
3,2,0,FR
2,2,0,FR
1,2,0,FR
31,1,1,FR
30,1,1,FR
29,1,1,FR
28,1,0,FR
27,1,0,FR
26,1,0,FR
25,1,3,FR
24,1,0,FR
23,1,0,FR
22,1,0,FR
21,1,0,FR
20,1,0,FR
19,1,0,FR
18,1,0,FR
17,1,0,FR
16,1,0,FR
15,1,0,FR
14,1,0,FR
13,1,0,FR
12,1,0,FR
11,1,0,FR
10,1,0,FR
9,1,0,FR
8,1,0,FR
7,1,0,FR
6,1,0,FR
5,1,0,FR
4,1,0,FR
3,1,0,FR
2,1,0,FR
1,1,0,FR
31,12,0,FR
24,3,5,PYF
23,3,1,PYF
22,3,2,PYF
21,3,12,PYF
20,3,0,PYF
19,3,3,PYF
24,3,0,GA
23,3,3,GA
22,3,0,GA
21,3,0,GA
20,3,0,GA
19,3,2,GA
18,3,0,GA
17,3,0,GA
16,3,0,GA
15,3,0,GA
13,3,1,GA
24,3,1,GM
23,3,0,GM
22,3,0,GM
21,3,0,GM
20,3,0,GM
19,3,0,GM
18,3,1,GM
24,3,7,GE
23,3,5,GE
22,3,6,GE
21,3,3,GE
20,3,6,GE
19,3,0,GE
18,3,1,GE
17,3,3,GE
16,3,0,GE
15,3,0,GE
14,3,5,GE
13,3,1,GE
12,3,1,GE
11,3,8,GE
10,3,2,GE
9,3,1,GE
8,3,3,GE
6,3,6,GE
5,3,0,GE
2,3,0,GE
1,3,1,GE
29,2,1,GE
28,2,0,GE
27,2,1,GE
26,2,0,GE
25,2,0,GE
24,2,0,GE
23,2,0,GE
22,2,0,GE
21,2,0,GE
20,2,0,GE
19,2,0,GE
18,2,0,GE
17,2,0,GE
16,2,0,GE
15,2,0,GE
14,2,0,GE
13,2,0,GE
12,2,0,GE
11,2,0,GE
10,2,0,GE
9,2,0,GE
8,2,0,GE
7,2,0,GE
6,2,0,GE
5,2,0,GE
4,2,0,GE
3,2,0,GE
2,2,0,GE
1,2,0,GE
31,1,0,GE
30,1,0,GE
29,1,0,GE
28,1,0,GE
27,1,0,GE
26,1,0,GE
25,1,0,GE
24,1,0,GE
23,1,0,GE
22,1,0,GE
21,1,0,GE
20,1,0,GE
19,1,0,GE
18,1,0,GE
17,1,0,GE
16,1,0,GE
15,1,0,GE
14,1,0,GE
13,1,0,GE
12,1,0,GE
11,1,0,GE
10,1,0,GE
9,1,0,GE
8,1,0,GE
7,1,0,GE
6,1,0,GE
5,1,0,GE
4,1,0,GE
3,1,0,GE
2,1,0,GE
1,1,0,GE
31,12,0,GE
24,3,4438,DE
23,3,3311,DE
22,3,3276,DE
21,3,4049,DE
20,3,5940,DE
19,3,1042,DE
18,3,1144,DE
17,3,1174,DE
16,3,1043,DE
15,3,733,DE
14,3,693,DE
13,3,802,DE
12,3,271,DE
11,3,157,DE
10,3,237,DE
9,3,55,DE
8,3,163,DE
7,3,284,DE
6,3,138,DE
5,3,66,DE
4,3,39,DE
3,3,28,DE
2,3,18,DE
1,3,54,DE
29,2,10,DE
28,2,26,DE
27,2,4,DE
26,2,2,DE
25,2,0,DE
24,2,0,DE
23,2,0,DE
22,2,0,DE
21,2,0,DE
20,2,0,DE
19,2,0,DE
18,2,0,DE
17,2,0,DE
16,2,0,DE
15,2,0,DE
14,2,0,DE
13,2,0,DE
12,2,2,DE
11,2,0,DE
10,2,0,DE
9,2,0,DE
8,2,1,DE
7,2,1,DE
6,2,0,DE
5,2,0,DE
4,2,2,DE
3,2,1,DE
2,2,1,DE
1,2,2,DE
31,1,1,DE
30,1,0,DE
29,1,3,DE
28,1,1,DE
27,1,0,DE
26,1,0,DE
25,1,0,DE
24,1,0,DE
23,1,0,DE
22,1,0,DE
21,1,0,DE
20,1,0,DE
19,1,0,DE
18,1,0,DE
17,1,0,DE
16,1,0,DE
15,1,0,DE
14,1,0,DE
13,1,0,DE
12,1,0,DE
11,1,0,DE
10,1,0,DE
9,1,0,DE
8,1,0,DE
7,1,0,DE
6,1,0,DE
5,1,0,DE
4,1,0,DE
3,1,0,DE
2,1,0,DE
1,1,0,DE
31,12,0,DE
24,3,3,GH
23,3,3,GH
22,3,5,GH
21,3,5,GH
20,3,4,GH
19,3,1,GH
18,3,0,GH
17,3,4,GH
16,3,0,GH
15,3,0,GH
13,3,2,GH
24,3,0,GI
23,3,5,GI
22,3,0,GI
21,3,0,GI
20,3,10,GI
24,3,71,EL
23,3,94,EL
22,3,35,EL
21,3,31,EL
20,3,46,EL
19,3,31,EL
18,3,35,EL
17,3,21,EL
16,3,103,EL
15,3,38,EL
14,3,57,EL
13,3,34,EL
12,3,9,EL
11,3,6,EL
10,3,11,EL
9,3,7,EL
8,3,21,EL
7,3,13,EL
6,3,22,EL
5,3,3,EL
2,3,0,EL
1,3,3,EL
29,2,1,EL
28,2,2,EL
27,2,1,EL
26,2,0,EL
25,2,0,EL
24,2,0,EL
23,2,0,EL
22,2,0,EL
21,2,0,EL
20,2,0,EL
19,2,0,EL
18,2,0,EL
17,2,0,EL
16,2,0,EL
15,2,0,EL
14,2,0,EL
13,2,0,EL
12,2,0,EL
11,2,0,EL
10,2,0,EL
9,2,0,EL
8,2,0,EL
7,2,0,EL
6,2,0,EL
5,2,0,EL
4,2,0,EL
3,2,0,EL
2,2,0,EL
1,2,0,EL
31,1,0,EL
30,1,0,EL
29,1,0,EL
28,1,0,EL
27,1,0,EL
26,1,0,EL
25,1,0,EL
24,1,0,EL
23,1,0,EL
22,1,0,EL
21,1,0,EL
20,1,0,EL
19,1,0,EL
18,1,0,EL
17,1,0,EL
16,1,0,EL
15,1,0,EL
14,1,0,EL
13,1,0,EL
12,1,0,EL
11,1,0,EL
10,1,0,EL
9,1,0,EL
8,1,0,EL
7,1,0,EL
6,1,0,EL
5,1,0,EL
4,1,0,EL
3,1,0,EL
2,1,0,EL
1,1,0,EL
31,12,0,EL
24,3,2,GL
23,3,0,GL
22,3,0,GL
21,3,0,GL
20,3,2,GL
24,3,0,GD
23,3,1,GD
24,3,2,GU
23,3,12,GU
22,3,1,GU
21,3,2,GU
20,3,9,GU
19,3,3,GU
24,3,1,GT
23,3,2,GT
22,3,4,GT
21,3,4,GT
20,3,1,GT
19,3,2,GT
18,3,0,GT
17,3,5,GT
16,3,0,GT
15,3,1,GT
24,3,3,GG
23,3,16,GG
22,3,0,GG
21,3,0,GG
20,3,1,GG
24,3,0,GN
23,3,0,GN
22,3,0,GN
21,3,1,GN
20,3,0,GN
19,3,0,GN
18,3,0,GN
17,3,0,GN
15,3,0,GN
14,3,1,GN
24,3,1,GY
23,3,0,GY
22,3,0,GY
21,3,0,GY
20,3,0,GY
19,3,1,GY
18,3,0,GY
17,3,0,GY
16,3,3,GY
13,3,1,GY
24,3,3,HT
23,3,0,HT
22,3,0,HT
21,3,0,HT
20,3,2,HT
24,3,0,VA
23,3,0,VA
22,3,0,VA
21,3,0,VA
20,3,0,VA
19,3,0,VA
18,3,0,VA
17,3,0,VA
16,3,0,VA
7,3,1,VA
24,3,3,HN
23,3,1,HN
22,3,2,HN
21,3,0,HN
20,3,12,HN
19,3,3,HN
18,3,1,HN
17,3,2,HN
16,3,3,HN
14,3,1,HN
12,3,2,HN
24,3,20,HU
23,3,36,HU
22,3,46,HU
21,3,0,HU
20,3,12,HU
19,3,23,HU
18,3,0,HU
17,3,11,HU
16,3,8,HU
15,3,6,HU
14,3,9,HU
13,3,3,HU
12,3,1,HU
11,3,3,HU
10,3,1,HU
9,3,1,HU
8,3,3,HU
7,3,2,HU
5,3,2,HU
24,3,20,IS
23,3,95,IS
22,3,64,IS
21,3,79,IS
20,3,80,IS
19,3,3,IS
18,3,48,IS
17,3,21,IS
16,3,40,IS
15,3,21,IS
14,3,0,IS
13,3,32,IS
12,3,15,IS
11,3,5,IS
10,3,10,IS
9,3,2,IS
8,3,10,IS
7,3,8,IS
6,3,9,IS
5,3,10,IS
4,3,10,IS
3,3,3,IS
2,3,2,IS
1,3,0,IS
29,2,1,IS
28,2,0,IS
27,2,0,IS
26,2,0,IS
25,2,0,IS
24,2,0,IS
23,2,0,IS
22,2,0,IS
21,2,0,IS
20,2,0,IS
19,2,0,IS
18,2,0,IS
17,2,0,IS
16,2,0,IS
15,2,0,IS
14,2,0,IS
13,2,0,IS
12,2,0,IS
11,2,0,IS
10,2,0,IS
9,2,0,IS
8,2,0,IS
7,2,0,IS
6,2,0,IS
5,2,0,IS
4,2,0,IS
3,2,0,IS
2,2,0,IS
1,2,0,IS
31,1,0,IS
30,1,0,IS
29,1,0,IS
28,1,0,IS
27,1,0,IS
26,1,0,IS
25,1,0,IS
24,1,0,IS
23,1,0,IS
22,1,0,IS
21,1,0,IS
20,1,0,IS
19,1,0,IS
18,1,0,IS
17,1,0,IS
16,1,0,IS
15,1,0,IS
14,1,0,IS
13,1,0,IS
12,1,0,IS
11,1,0,IS
10,1,0,IS
9,1,0,IS
8,1,0,IS
7,1,0,IS
6,1,0,IS
5,1,0,IS
4,1,0,IS
3,1,0,IS
2,1,0,IS
1,1,0,IS
31,12,0,IS
24,3,53,IN
23,3,119,IN
22,3,89,IN
21,3,40,IN
20,3,26,IN
19,3,28,IN
18,3,12,IN
17,3,32,IN
16,3,3,IN
15,3,7,IN
14,3,8,IN
13,3,2,IN
12,3,23,IN
11,3,6,IN
10,3,10,IN
8,3,3,IN
7,3,2,IN
6,3,1,IN
5,3,22,IN
4,3,1,IN
3,3,2,IN
2,3,0,IN
1,3,0,IN
29,2,0,IN
28,2,0,IN
27,2,0,IN
26,2,0,IN
25,2,0,IN
24,2,0,IN
23,2,0,IN
22,2,0,IN
21,2,0,IN
20,2,0,IN
19,2,0,IN
18,2,0,IN
17,2,0,IN
16,2,0,IN
15,2,0,IN
14,2,0,IN
13,2,0,IN
12,2,0,IN
11,2,0,IN
10,2,0,IN
9,2,0,IN
8,2,0,IN
7,2,0,IN
6,2,0,IN
5,2,0,IN
4,2,1,IN
3,2,0,IN
2,2,1,IN
1,2,0,IN
31,1,0,IN
30,1,1,IN
29,1,0,IN
28,1,0,IN
27,1,0,IN
26,1,0,IN
25,1,0,IN
24,1,0,IN
23,1,0,IN
22,1,0,IN
21,1,0,IN
20,1,0,IN
19,1,0,IN
18,1,0,IN
17,1,0,IN
16,1,0,IN
15,1,0,IN
14,1,0,IN
13,1,0,IN
12,1,0,IN
11,1,0,IN
10,1,0,IN
9,1,0,IN
8,1,0,IN
7,1,0,IN
6,1,0,IN
5,1,0,IN
4,1,0,IN
3,1,0,IN
2,1,0,IN
1,1,0,IN
31,12,0,IN
24,3,65,ID
23,3,64,ID
22,3,141,ID
21,3,82,ID
20,3,55,ID
19,3,0,ID
18,3,38,ID
17,3,17,ID
16,3,21,ID
15,3,27,ID
14,3,35,ID
12,3,15,ID
11,3,13,ID
9,3,2,ID
7,3,2,ID
2,3,2,ID
1,3,0,ID
29,2,0,ID
28,2,0,ID
27,2,0,ID
26,2,0,ID
25,2,0,ID
24,2,0,ID
23,2,0,ID
22,2,0,ID
21,2,0,ID
20,2,0,ID
19,2,0,ID
18,2,0,ID
17,2,0,ID
16,2,0,ID
15,2,0,ID
14,2,0,ID
13,2,0,ID
12,2,0,ID
11,2,0,ID
10,2,0,ID
9,2,0,ID
8,2,0,ID
7,2,0,ID
6,2,0,ID
5,2,0,ID
4,2,0,ID
3,2,0,ID
2,2,0,ID
1,2,0,ID
31,1,0,ID
30,1,0,ID
29,1,0,ID
28,1,0,ID
27,1,0,ID
26,1,0,ID
25,1,0,ID
24,1,0,ID
23,1,0,ID
22,1,0,ID
21,1,0,ID
20,1,0,ID
19,1,0,ID
18,1,0,ID
17,1,0,ID
16,1,0,ID
15,1,0,ID
14,1,0,ID
13,1,0,ID
12,1,0,ID
11,1,0,ID
10,1,0,ID
9,1,0,ID
8,1,0,ID
7,1,0,ID
6,1,0,ID
5,1,0,ID
4,1,0,ID
3,1,0,ID
2,1,0,ID
1,1,0,ID
31,12,0,ID
24,3,1411,IR
23,3,1028,IR
22,3,966,IR
21,3,1237,IR
20,3,1046,IR
19,3,1192,IR
18,3,1178,IR
17,3,1053,IR
16,3,1209,IR
15,3,1365,IR
14,3,1289,IR
13,3,1075,IR
12,3,958,IR
11,3,881,IR
10,3,595,IR
9,3,743,IR
8,3,1076,IR
7,3,1234,IR
6,3,591,IR
5,3,586,IR
4,3,835,IR
3,3,523,IR
2,3,385,IR
1,3,205,IR
29,2,143,IR
28,2,106,IR
27,2,44,IR
26,2,34,IR
25,2,18,IR
24,2,15,IR
23,2,10,IR
22,2,13,IR
21,2,3,IR
20,2,2,IR
19,2,0,IR
18,2,0,IR
17,2,0,IR
16,2,0,IR
15,2,0,IR
14,2,0,IR
13,2,0,IR
12,2,0,IR
11,2,0,IR
10,2,0,IR
9,2,0,IR
8,2,0,IR
7,2,0,IR
6,2,0,IR
5,2,0,IR
4,2,0,IR
3,2,0,IR
2,2,0,IR
1,2,0,IR
31,1,0,IR
30,1,0,IR
29,1,0,IR
28,1,0,IR
27,1,0,IR
26,1,0,IR
25,1,0,IR
24,1,0,IR
23,1,0,IR
22,1,0,IR
21,1,0,IR
20,1,0,IR
19,1,0,IR
18,1,0,IR
17,1,0,IR
16,1,0,IR
15,1,0,IR
14,1,0,IR
13,1,0,IR
12,1,0,IR
11,1,0,IR
10,1,0,IR
9,1,0,IR
8,1,0,IR
7,1,0,IR
6,1,0,IR
5,1,0,IR
4,1,0,IR
3,1,0,IR
2,1,0,IR
1,1,0,IR
31,12,0,IR
24,3,33,IQ
23,3,19,IQ
22,3,21,IQ
21,3,16,IQ
20,3,13,IQ
19,3,10,IQ
18,3,30,IQ
17,3,0,IQ
16,3,39,IQ
15,3,0,IQ
14,3,11,IQ
13,3,4,IQ
12,3,9,IQ
11,3,0,IQ
9,3,7,IQ
8,3,16,IQ
6,3,7,IQ
5,3,5,IQ
4,3,5,IQ
3,3,2,IQ
2,3,6,IQ
1,3,6,IQ
29,2,1,IQ
28,2,1,IQ
27,2,0,IQ
26,2,4,IQ
25,2,1,IQ
24,2,0,IQ
23,2,0,IQ
22,2,0,IQ
21,2,0,IQ
20,2,0,IQ
19,2,0,IQ
18,2,0,IQ
17,2,0,IQ
16,2,0,IQ
15,2,0,IQ
14,2,0,IQ
13,2,0,IQ
12,2,0,IQ
11,2,0,IQ
10,2,0,IQ
9,2,0,IQ
8,2,0,IQ
7,2,0,IQ
6,2,0,IQ
5,2,0,IQ
4,2,0,IQ
3,2,0,IQ
2,2,0,IQ
1,2,0,IQ
31,1,0,IQ
30,1,0,IQ
29,1,0,IQ
28,1,0,IQ
27,1,0,IQ
26,1,0,IQ
25,1,0,IQ
24,1,0,IQ
23,1,0,IQ
22,1,0,IQ
21,1,0,IQ
20,1,0,IQ
19,1,0,IQ
18,1,0,IQ
17,1,0,IQ
16,1,0,IQ
15,1,0,IQ
14,1,0,IQ
13,1,0,IQ
12,1,0,IQ
11,1,0,IQ
10,1,0,IQ
9,1,0,IQ
8,1,0,IQ
7,1,0,IQ
6,1,0,IQ
5,1,0,IQ
4,1,0,IQ
3,1,0,IQ
2,1,0,IQ
1,1,0,IQ
31,12,0,IQ
24,3,219,IE
23,3,121,IE
22,3,102,IE
21,3,126,IE
20,3,191,IE
19,3,74,IE
18,3,69,IE
17,3,54,IE
16,3,40,IE
15,3,38,IE
14,3,21,IE
13,3,27,IE
12,3,8,IE
11,3,14,IE
9,3,2,IE
8,3,1,IE
7,3,5,IE
6,3,7,IE
5,3,4,IE
4,3,1,IE
2,3,0,IE
1,3,1,IE
29,2,0,IE
28,2,0,IE
27,2,0,IE
26,2,0,IE
25,2,0,IE
24,2,0,IE
23,2,0,IE
22,2,0,IE
21,2,0,IE
20,2,0,IE
19,2,0,IE
18,2,0,IE
17,2,0,IE
16,2,0,IE
15,2,0,IE
14,2,0,IE
13,2,0,IE
12,2,0,IE
11,2,0,IE
10,2,0,IE
9,2,0,IE
8,2,0,IE
7,2,0,IE
6,2,0,IE
5,2,0,IE
4,2,0,IE
3,2,0,IE
2,2,0,IE
1,2,0,IE
31,1,0,IE
30,1,0,IE
29,1,0,IE
28,1,0,IE
27,1,0,IE
26,1,0,IE
25,1,0,IE
24,1,0,IE
23,1,0,IE
22,1,0,IE
21,1,0,IE
20,1,0,IE
19,1,0,IE
18,1,0,IE
17,1,0,IE
16,1,0,IE
15,1,0,IE
14,1,0,IE
13,1,0,IE
12,1,0,IE
11,1,0,IE
10,1,0,IE
9,1,0,IE
8,1,0,IE
7,1,0,IE
6,1,0,IE
5,1,0,IE
4,1,0,IE
3,1,0,IE
2,1,0,IE
1,1,0,IE
31,12,0,IE
24,3,11,IM
23,3,0,IM
22,3,1,IM
21,3,1,IM
24,3,371,IL
23,3,188,IL
22,3,171,IL
21,3,35,IL
20,3,244,IL
19,3,6,IL
18,3,167,IL
17,3,10,IL
16,3,72,IL
15,3,62,IL
14,3,20,IL
13,3,14,IL
12,3,12,IL
11,3,31,IL
9,3,14,IL
8,3,6,IL
7,3,2,IL
6,3,2,IL
5,3,5,IL
2,3,3,IL
1,3,0,IL
29,2,4,IL
28,2,1,IL
27,2,0,IL
26,2,0,IL
25,2,0,IL
24,2,1,IL
23,2,0,IL
22,2,1,IL
21,2,0,IL
20,2,0,IL
19,2,0,IL
18,2,0,IL
17,2,0,IL
16,2,0,IL
15,2,0,IL
14,2,0,IL
13,2,0,IL
12,2,0,IL
11,2,0,IL
10,2,0,IL
9,2,0,IL
8,2,0,IL
7,2,0,IL
6,2,0,IL
5,2,0,IL
4,2,0,IL
3,2,0,IL
2,2,0,IL
1,2,0,IL
31,1,0,IL
30,1,0,IL
29,1,0,IL
28,1,0,IL
27,1,0,IL
26,1,0,IL
25,1,0,IL
24,1,0,IL
23,1,0,IL
22,1,0,IL
21,1,0,IL
20,1,0,IL
19,1,0,IL
18,1,0,IL
17,1,0,IL
16,1,0,IL
15,1,0,IL
14,1,0,IL
13,1,0,IL
12,1,0,IL
11,1,0,IL
10,1,0,IL
9,1,0,IL
8,1,0,IL
7,1,0,IL
6,1,0,IL
5,1,0,IL
4,1,0,IL
3,1,0,IL
2,1,0,IL
1,1,0,IL
31,12,0,IL
24,3,4789,IT
23,3,5560,IT
22,3,6557,IT
21,3,5986,IT
20,3,5322,IT
19,3,4207,IT
18,3,3526,IT
17,3,4000,IT
16,3,6230,IT
15,3,90,IT
14,3,2547,IT
13,3,2651,IT
12,3,2313,IT
11,3,977,IT
10,3,1797,IT
9,3,1492,IT
8,3,1247,IT
7,3,778,IT
6,3,769,IT
5,3,587,IT
4,3,667,IT
3,3,146,IT
2,3,561,IT
1,3,240,IT
29,2,238,IT
28,2,250,IT
27,2,78,IT
26,2,93,IT
25,2,97,IT
24,2,53,IT
23,2,62,IT
22,2,14,IT
21,2,0,IT
20,2,0,IT
19,2,0,IT
18,2,0,IT
17,2,0,IT
16,2,0,IT
15,2,0,IT
14,2,0,IT
13,2,0,IT
12,2,0,IT
11,2,0,IT
10,2,0,IT
9,2,0,IT
8,2,0,IT
7,2,0,IT
6,2,0,IT
5,2,0,IT
4,2,0,IT
3,2,0,IT
2,2,0,IT
1,2,0,IT
31,1,3,IT
30,1,0,IT
29,1,0,IT
28,1,0,IT
27,1,0,IT
26,1,0,IT
25,1,0,IT
24,1,0,IT
23,1,0,IT
22,1,0,IT
21,1,0,IT
20,1,0,IT
19,1,0,IT
18,1,0,IT
17,1,0,IT
16,1,0,IT
15,1,0,IT
14,1,0,IT
13,1,0,IT
12,1,0,IT
11,1,0,IT
10,1,0,IT
9,1,0,IT
8,1,0,IT
7,1,0,IT
6,1,0,IT
5,1,0,IT
4,1,0,IT
3,1,0,IT
2,1,0,IT
1,1,0,IT
31,12,0,IT
24,3,0,JM
23,3,0,JM
22,3,0,JM
21,3,3,JM
20,3,1,JM
19,3,2,JM
18,3,3,JM
17,3,0,JM
16,3,2,JM
14,3,2,JM
13,3,4,JM
12,3,2,JM
24,3,39,JP
23,3,43,JP
22,3,39,JP
21,3,57,JP
20,3,77,JP
19,3,44,JP
18,3,5,JP
17,3,10,JP
16,3,34,JP
15,3,43,JP
14,3,62,JP
13,3,56,JP
12,3,51,JP
11,3,54,JP
10,3,26,JP
9,3,33,JP
8,3,47,JP
7,3,59,JP
6,3,32,JP
5,3,49,JP
4,3,14,JP
3,3,0,JP
2,3,15,JP
1,3,9,JP
29,2,20,JP
28,2,24,JP
27,2,22,JP
26,2,20,JP
25,2,0,JP
24,2,12,JP
23,2,27,JP
22,2,12,JP
21,2,9,JP
20,2,18,JP
19,2,7,JP
18,2,0,JP
17,2,7,JP
16,2,14,JP
15,2,8,JP
14,2,1,JP
13,2,4,JP
12,2,0,JP
11,2,0,JP
10,2,0,JP
9,2,0,JP
8,2,0,JP
7,2,0,JP
6,2,0,JP
5,2,5,JP
4,2,0,JP
3,2,1,JP
2,2,4,JP
1,2,1,JP
31,1,3,JP
30,1,4,JP
29,1,3,JP
28,1,1,JP
27,1,0,JP
26,1,1,JP
25,1,0,JP
24,1,1,JP
23,1,0,JP
22,1,0,JP
21,1,0,JP
20,1,0,JP
19,1,0,JP
18,1,0,JP
17,1,0,JP
16,1,0,JP
15,1,1,JP
14,1,0,JP
13,1,0,JP
12,1,0,JP
11,1,0,JP
10,1,0,JP
9,1,0,JP
8,1,0,JP
7,1,0,JP
6,1,0,JP
5,1,0,JP
4,1,0,JP
3,1,0,JP
2,1,0,JP
1,1,0,JP
31,12,0,JP
24,3,3,JE
23,3,3,JE
22,3,0,JE
21,3,7,JE
20,3,5,JE
24,3,13,JO
23,3,15,JO
22,3,15,JO
21,3,13,JO
20,3,4,JO
19,3,17,JO
18,3,19,JO
17,3,1,JO
16,3,14,JO
15,3,0,JO
8,3,0,JO
3,3,1,JO
24,3,2,KZ
23,3,4,KZ
22,3,3,KZ
21,3,4,KZ
20,3,12,KZ
19,3,4,KZ
18,3,22,KZ
17,3,2,KZ
16,3,3,KZ
15,3,6,KZ
24,3,1,KE
23,3,8,KE
22,3,0,KE
21,3,0,KE
20,3,0,KE
19,3,3,KE
18,3,1,KE
17,3,0,KE
16,3,2,KE
15,3,0,KE
14,3,1,KE
24,3,30,XK
23,3,7,XK
22,3,0,XK
21,3,3,XK
20,3,2,XK
19,3,0,XK
18,3,17,XK
17,3,0,XK
16,3,2,XK
24,3,1,KW
23,3,12,KW
22,3,17,KW
21,3,11,KW
20,3,6,KW
19,3,12,KW
18,3,7,KW
17,3,11,KW
16,3,8,KW
15,3,4,KW
14,3,20,KW
13,3,8,KW
12,3,3,KW
11,3,4,KW
10,3,1,KW
9,3,3,KW
8,3,3,KW
6,3,2,KW
3,3,10,KW
2,3,1,KW
1,3,0,KW
29,2,2,KW
28,2,17,KW
27,2,15,KW
26,2,6,KW
25,2,2,KW
24,2,3,KW
23,2,0,KW
22,2,0,KW
21,2,0,KW
20,2,0,KW
19,2,0,KW
18,2,0,KW
17,2,0,KW
16,2,0,KW
15,2,0,KW
14,2,0,KW
13,2,0,KW
12,2,0,KW
11,2,0,KW
10,2,0,KW
9,2,0,KW
8,2,0,KW
7,2,0,KW
6,2,0,KW
5,2,0,KW
4,2,0,KW
3,2,0,KW
2,2,0,KW
1,2,0,KW
31,1,0,KW
30,1,0,KW
29,1,0,KW
28,1,0,KW
27,1,0,KW
26,1,0,KW
25,1,0,KW
24,1,0,KW
23,1,0,KW
22,1,0,KW
21,1,0,KW
20,1,0,KW
19,1,0,KW
18,1,0,KW
17,1,0,KW
16,1,0,KW
15,1,0,KW
14,1,0,KW
13,1,0,KW
12,1,0,KW
11,1,0,KW
10,1,0,KW
9,1,0,KW
8,1,0,KW
7,1,0,KW
6,1,0,KW
5,1,0,KW
4,1,0,KW
3,1,0,KW
2,1,0,KW
1,1,0,KW
31,12,0,KW
24,3,2,KG
23,3,0,KG
22,3,8,KG
21,3,0,KG
20,3,3,KG
19,3,3,KG
24,3,41,LV
23,3,15,LV
22,3,13,LV
21,3,25,LV
20,3,15,LV
19,3,10,LV
18,3,25,LV
17,3,5,LV
16,3,5,LV
15,3,7,LV
14,3,3,LV
13,3,6,LV
12,3,2,LV
11,3,2,LV
10,3,3,LV
9,3,1,LV
8,3,1,LV
3,3,1,LV
24,3,19,LB
23,3,18,LB
22,3,67,LB
21,3,14,LB
20,3,16,LB
19,3,13,LB
18,3,0,LB
17,3,21,LB
16,3,6,LB
15,3,27,LB
13,3,5,LB
12,3,20,LB
11,3,0,LB
10,3,9,LB
9,3,10,LB
7,3,6,LB
6,3,3,LB
3,3,3,LB
2,3,6,LB
1,3,1,LB
29,2,0,LB
28,2,1,LB
27,2,1,LB
26,2,0,LB
25,2,0,LB
24,2,0,LB
23,2,0,LB
22,2,1,LB
21,2,0,LB
20,2,0,LB
19,2,0,LB
18,2,0,LB
17,2,0,LB
16,2,0,LB
15,2,0,LB
14,2,0,LB
13,2,0,LB
12,2,0,LB
11,2,0,LB
10,2,0,LB
9,2,0,LB
8,2,0,LB
7,2,0,LB
6,2,0,LB
5,2,0,LB
4,2,0,LB
3,2,0,LB
2,2,0,LB
1,2,0,LB
31,1,0,LB
30,1,0,LB
29,1,0,LB
28,1,0,LB
27,1,0,LB
26,1,0,LB
25,1,0,LB
24,1,0,LB
23,1,0,LB
22,1,0,LB
21,1,0,LB
20,1,0,LB
19,1,0,LB
18,1,0,LB
17,1,0,LB
16,1,0,LB
15,1,0,LB
14,1,0,LB
13,1,0,LB
12,1,0,LB
11,1,0,LB
10,1,0,LB
9,1,0,LB
8,1,0,LB
7,1,0,LB
6,1,0,LB
5,1,0,LB
4,1,0,LB
3,1,0,LB
2,1,0,LB
1,1,0,LB
31,12,0,LB
24,3,0,LR
23,3,0,LR
22,3,1,LR
21,3,0,LR
20,3,0,LR
19,3,0,LR
18,3,1,LR
17,3,1,LR
24,3,0,LI
23,3,10,LI
22,3,2,LI
21,3,9,LI
20,3,0,LI
19,3,18,LI
18,3,0,LI
17,3,0,LI
16,3,3,LI
15,3,0,LI
14,3,0,LI
13,3,1,LI
12,3,2,LI
5,3,1,LI
24,3,36,LT
23,3,38,LT
22,3,36,LT
21,3,21,LT
20,3,15,LT
19,3,8,LT
18,3,8,LT
17,3,3,LT
16,3,5,LT
15,3,3,LT
14,3,3,LT
12,3,0,LT
11,3,2,LT
2,3,0,LT
1,3,0,LT
29,2,0,LT
28,2,1,LT
27,2,0,LT
26,2,0,LT
25,2,0,LT
24,2,0,LT
23,2,0,LT
22,2,0,LT
21,2,0,LT
20,2,0,LT
19,2,0,LT
18,2,0,LT
17,2,0,LT
16,2,0,LT
15,2,0,LT
14,2,0,LT
13,2,0,LT
12,2,0,LT
11,2,0,LT
10,2,0,LT
9,2,0,LT
8,2,0,LT
7,2,0,LT
6,2,0,LT
5,2,0,LT
4,2,0,LT
3,2,0,LT
2,2,0,LT
1,2,0,LT
31,1,0,LT
30,1,0,LT
29,1,0,LT
28,1,0,LT
27,1,0,LT
26,1,0,LT
25,1,0,LT
24,1,0,LT
23,1,0,LT
22,1,0,LT
21,1,0,LT
20,1,0,LT
19,1,0,LT
18,1,0,LT
17,1,0,LT
16,1,0,LT
15,1,0,LT
14,1,0,LT
13,1,0,LT
12,1,0,LT
11,1,0,LT
10,1,0,LT
9,1,0,LT
8,1,0,LT
7,1,0,LT
6,1,0,LT
5,1,0,LT
4,1,0,LT
3,1,0,LT
2,1,0,LT
1,1,0,LT
31,12,0,LT
24,3,77,LU
23,3,128,LU
22,3,186,LU
21,3,139,LU
20,3,135,LU
19,3,70,LU
18,3,59,LU
17,3,4,LU
16,3,39,LU
14,3,12,LU
13,3,19,LU
12,3,0,LU
11,3,2,LU
9,3,2,LU
7,3,2,LU
2,3,0,LU
1,3,1,LU
29,2,0,LU
28,2,0,LU
27,2,0,LU
26,2,0,LU
25,2,0,LU
24,2,0,LU
23,2,0,LU
22,2,0,LU
21,2,0,LU
20,2,0,LU
19,2,0,LU
18,2,0,LU
17,2,0,LU
16,2,0,LU
15,2,0,LU
14,2,0,LU
13,2,0,LU
12,2,0,LU
11,2,0,LU
10,2,0,LU
9,2,0,LU
8,2,0,LU
7,2,0,LU
6,2,0,LU
5,2,0,LU
4,2,0,LU
3,2,0,LU
2,2,0,LU
1,2,0,LU
31,1,0,LU
30,1,0,LU
29,1,0,LU
28,1,0,LU
27,1,0,LU
26,1,0,LU
25,1,0,LU
24,1,0,LU
23,1,0,LU
22,1,0,LU
21,1,0,LU
20,1,0,LU
19,1,0,LU
18,1,0,LU
17,1,0,LU
16,1,0,LU
15,1,0,LU
14,1,0,LU
13,1,0,LU
12,1,0,LU
11,1,0,LU
10,1,0,LU
9,1,0,LU
8,1,0,LU
7,1,0,LU
6,1,0,LU
5,1,0,LU
4,1,0,LU
3,1,0,LU
2,1,0,LU
1,1,0,LU
31,12,0,LU
24,3,14,MG
23,3,0,MG
22,3,0,MG
21,3,3,MG
24,3,212,MY
23,3,123,MY
22,3,153,MY
21,3,130,MY
20,3,110,MY
19,3,117,MY
18,3,120,MY
17,3,125,MY
16,3,190,MY
15,3,41,MY
14,3,39,MY
13,3,9,MY
12,3,20,MY
11,3,12,MY
10,3,18,MY
9,3,6,MY
8,3,10,MY
7,3,33,MY
6,3,0,MY
5,3,14,MY
4,3,7,MY
2,3,4,MY
1,3,0,MY
29,2,2,MY
28,2,1,MY
27,2,0,MY
26,2,0,MY
25,2,0,MY
24,2,0,MY
23,2,0,MY
22,2,0,MY
21,2,0,MY
20,2,0,MY
19,2,0,MY
18,2,0,MY
17,2,0,MY
16,2,1,MY
15,2,2,MY
14,2,1,MY
13,2,0,MY
12,2,0,MY
11,2,0,MY
10,2,2,MY
9,2,1,MY
8,2,1,MY
7,2,2,MY
6,2,2,MY
5,2,2,MY
4,2,0,MY
3,2,0,MY
2,2,0,MY
1,2,0,MY
31,1,1,MY
30,1,0,MY
29,1,3,MY
28,1,0,MY
27,1,0,MY
26,1,1,MY
25,1,3,MY
24,1,0,MY
23,1,0,MY
22,1,0,MY
21,1,0,MY
20,1,0,MY
19,1,0,MY
18,1,0,MY
17,1,0,MY
16,1,0,MY
15,1,0,MY
14,1,0,MY
13,1,0,MY
12,1,0,MY
11,1,0,MY
10,1,0,MY
9,1,0,MY
8,1,0,MY
7,1,0,MY
6,1,0,MY
5,1,0,MY
4,1,0,MY
3,1,0,MY
2,1,0,MY
1,1,0,MY
31,12,0,MY
24,3,0,MV
23,3,0,MV
22,3,0,MV
21,3,0,MV
20,3,0,MV
19,3,0,MV
18,3,0,MV
17,3,0,MV
16,3,4,MV
15,3,0,MV
14,3,1,MV
12,3,2,MV
11,3,2,MV
9,3,2,MV
8,3,2,MV
24,3,17,MT
23,3,17,MT
22,3,9,MT
21,3,11,MT
20,3,5,MT
19,3,10,MT
18,3,8,MT
17,3,9,MT
16,3,3,MT
15,3,6,MT
14,3,3,MT
13,3,3,MT
12,3,2,MT
10,3,1,MT
8,3,3,MT
24,3,0,MR
23,3,0,MR
22,3,0,MR
21,3,0,MR
20,3,1,MR
19,3,0,MR
18,3,0,MR
17,3,0,MR
16,3,0,MR
15,3,1,MR
24,3,8,MU
23,3,14,MU
22,3,2,MU
21,3,9,MU
20,3,3,MU
24,3,51,MX
23,3,65,MX
22,3,48,MX
21,3,39,MX
20,3,46,MX
19,3,25,MX
18,3,11,MX
17,3,29,MX
16,3,12,MX
15,3,15,MX
14,3,10,MX
13,3,5,MX
12,3,4,MX
9,3,2,MX
2,3,1,MX
1,3,2,MX
29,2,2,MX
28,2,0,MX
27,2,0,MX
26,2,0,MX
25,2,0,MX
24,2,0,MX
23,2,0,MX
22,2,0,MX
21,2,0,MX
20,2,0,MX
19,2,0,MX
18,2,0,MX
17,2,0,MX
16,2,0,MX
15,2,0,MX
14,2,0,MX
13,2,0,MX
12,2,0,MX
11,2,0,MX
10,2,0,MX
9,2,0,MX
8,2,0,MX
7,2,0,MX
6,2,0,MX
5,2,0,MX
4,2,0,MX
3,2,0,MX
2,2,0,MX
1,2,0,MX
31,1,0,MX
30,1,0,MX
29,1,0,MX
28,1,0,MX
27,1,0,MX
26,1,0,MX
25,1,0,MX
24,1,0,MX
23,1,0,MX
22,1,0,MX
21,1,0,MX
20,1,0,MX
19,1,0,MX
18,1,0,MX
17,1,0,MX
16,1,0,MX
15,1,0,MX
14,1,0,MX
13,1,0,MX
12,1,0,MX
11,1,0,MX
10,1,0,MX
9,1,0,MX
8,1,0,MX
7,1,0,MX
6,1,0,MX
5,1,0,MX
4,1,0,MX
3,1,0,MX
2,1,0,MX
1,1,0,MX
31,12,0,MX
24,3,15,MD
23,3,14,MD
22,3,14,MD
21,3,17,MD
20,3,13,MD
19,3,6,MD
18,3,1,MD
17,3,6,MD
16,3,3,MD
15,3,12,MD
14,3,2,MD
13,3,2,MD
12,3,1,MD
11,3,2,MD
8,3,1,MD
24,3,0,MC
23,3,5,MC
22,3,6,MC
21,3,1,MC
20,3,2,MC
19,3,0,MC
18,3,0,MC
17,3,2,MC
16,3,4,MC
15,3,2,MC
2,3,0,MC
1,3,0,MC
29,2,1,MC
28,2,0,MC
27,2,0,MC
26,2,0,MC
25,2,0,MC
24,2,0,MC
23,2,0,MC
22,2,0,MC
21,2,0,MC
20,2,0,MC
19,2,0,MC
18,2,0,MC
17,2,0,MC
16,2,0,MC
15,2,0,MC
14,2,0,MC
13,2,0,MC
12,2,0,MC
11,2,0,MC
10,2,0,MC
9,2,0,MC
8,2,0,MC
7,2,0,MC
6,2,0,MC
5,2,0,MC
4,2,0,MC
3,2,0,MC
2,2,0,MC
1,2,0,MC
31,1,0,MC
30,1,0,MC
29,1,0,MC
28,1,0,MC
27,1,0,MC
26,1,0,MC
25,1,0,MC
24,1,0,MC
23,1,0,MC
22,1,0,MC
21,1,0,MC
20,1,0,MC
19,1,0,MC
18,1,0,MC
17,1,0,MC
16,1,0,MC
15,1,0,MC
14,1,0,MC
13,1,0,MC
12,1,0,MC
11,1,0,MC
10,1,0,MC
9,1,0,MC
8,1,0,MC
7,1,0,MC
6,1,0,MC
5,1,0,MC
4,1,0,MC
3,1,0,MC
2,1,0,MC
1,1,0,MC
31,12,0,MC
24,3,0,MN
23,3,0,MN
22,3,4,MN
21,3,1,MN
20,3,0,MN
19,3,1,MN
18,3,3,MN
15,3,0,MN
10,3,1,MN
24,3,6,ME
23,3,7,ME
22,3,0,ME
21,3,1,ME
20,3,5,ME
19,3,6,ME
18,3,2,ME
24,3,0,MS
23,3,0,MS
22,3,0,MS
21,3,1,MS
24,3,19,MA
23,3,19,MA
22,3,10,MA
21,3,23,MA
20,3,9,MA
19,3,10,MA
18,3,7,MA
17,3,9,MA
16,3,10,MA
15,3,11,MA
14,3,1,MA
13,3,1,MA
12,3,3,MA
6,3,1,MA
3,3,1,MA
24,3,0,MZ
23,3,1,MZ
24,3,2,MM
17,3,0,MM
24,3,0,NA
23,3,0,NA
22,3,0,NA
21,3,1,NA
20,3,0,NA
19,3,0,NA
18,3,0,NA
17,3,0,NA
16,3,0,NA
15,3,2,NA
24,3,1,NP
23,3,0,NP
22,3,0,NP
21,3,0,NP
20,3,0,NP
19,3,0,NP
18,3,0,NP
17,3,0,NP
15,3,0,NP
2,3,0,NP
1,3,0,NP
29,2,0,NP
28,2,0,NP
27,2,0,NP
26,2,0,NP
25,2,0,NP
24,2,0,NP
23,2,0,NP
22,2,0,NP
21,2,0,NP
20,2,0,NP
19,2,0,NP
18,2,0,NP
17,2,0,NP
16,2,0,NP
15,2,0,NP
14,2,0,NP
13,2,0,NP
12,2,0,NP
11,2,0,NP
10,2,0,NP
9,2,0,NP
8,2,0,NP
7,2,0,NP
6,2,0,NP
5,2,0,NP
4,2,0,NP
3,2,0,NP
2,2,0,NP
1,2,0,NP
31,1,0,NP
30,1,0,NP
29,1,0,NP
28,1,0,NP
27,1,0,NP
26,1,0,NP
25,1,1,NP
24,1,0,NP
23,1,0,NP
22,1,0,NP
21,1,0,NP
20,1,0,NP
19,1,0,NP
18,1,0,NP
17,1,0,NP
16,1,0,NP
15,1,0,NP
14,1,0,NP
13,1,0,NP
12,1,0,NP
11,1,0,NP
10,1,0,NP
9,1,0,NP
8,1,0,NP
7,1,0,NP
6,1,0,NP
5,1,0,NP
4,1,0,NP
3,1,0,NP
2,1,0,NP
1,1,0,NP
31,12,0,NP
24,3,545,NL
23,3,573,NL
22,3,637,NL
21,3,534,NL
20,3,409,NL
19,3,346,NL
18,3,292,NL
17,3,278,NL
16,3,176,NL
15,3,155,NL
14,3,190,NL
13,3,111,NL
12,3,121,NL
11,3,61,NL
10,3,56,NL
9,3,77,NL
8,3,60,NL
7,3,46,NL
6,3,44,NL
5,3,10,NL
4,3,10,NL
3,3,5,NL
2,3,6,NL
1,3,5,NL
29,2,1,NL
28,2,1,NL
27,2,0,NL
26,2,0,NL
25,2,0,NL
24,2,0,NL
23,2,0,NL
22,2,0,NL
21,2,0,NL
20,2,0,NL
19,2,0,NL
18,2,0,NL
17,2,0,NL
16,2,0,NL
15,2,0,NL
14,2,0,NL
13,2,0,NL
12,2,0,NL
11,2,0,NL
10,2,0,NL
9,2,0,NL
8,2,0,NL
7,2,0,NL
6,2,0,NL
5,2,0,NL
4,2,0,NL
3,2,0,NL
2,2,0,NL
1,2,0,NL
31,1,0,NL
30,1,0,NL
29,1,0,NL
28,1,0,NL
27,1,0,NL
26,1,0,NL
25,1,0,NL
24,1,0,NL
23,1,0,NL
22,1,0,NL
21,1,0,NL
20,1,0,NL
19,1,0,NL
18,1,0,NL
17,1,0,NL
16,1,0,NL
15,1,0,NL
14,1,0,NL
13,1,0,NL
12,1,0,NL
11,1,0,NL
10,1,0,NL
9,1,0,NL
8,1,0,NL
7,1,0,NL
6,1,0,NL
5,1,0,NL
4,1,0,NL
3,1,0,NL
2,1,0,NL
1,1,0,NL
31,12,0,NL
24,3,4,AN
23,3,0,AN
22,3,0,AN
21,3,4,AN
20,3,9,AN
24,3,2,NC
23,3,1,NC
22,3,2,NC
21,3,2,NC
24,3,40,NZ
23,3,36,NZ
22,3,13,NZ
21,3,14,NZ
20,3,11,NZ
19,3,8,NZ
18,3,12,NZ
15,3,2,NZ
14,3,1,NZ
7,3,1,NZ
6,3,1,NZ
5,3,1,NZ
4,3,1,NZ
2,3,0,NZ
1,3,0,NZ
29,2,0,NZ
28,2,1,NZ
27,2,0,NZ
26,2,0,NZ
25,2,0,NZ
24,2,0,NZ
23,2,0,NZ
22,2,0,NZ
21,2,0,NZ
20,2,0,NZ
19,2,0,NZ
18,2,0,NZ
17,2,0,NZ
16,2,0,NZ
15,2,0,NZ
14,2,0,NZ
13,2,0,NZ
12,2,0,NZ
11,2,0,NZ
10,2,0,NZ
9,2,0,NZ
8,2,0,NZ
7,2,0,NZ
6,2,0,NZ
5,2,0,NZ
4,2,0,NZ
3,2,0,NZ
2,2,0,NZ
1,2,0,NZ
31,1,0,NZ
30,1,0,NZ
29,1,0,NZ
28,1,0,NZ
27,1,0,NZ
26,1,0,NZ
25,1,0,NZ
24,1,0,NZ
23,1,0,NZ
22,1,0,NZ
21,1,0,NZ
20,1,0,NZ
19,1,0,NZ
18,1,0,NZ
17,1,0,NZ
16,1,0,NZ
15,1,0,NZ
14,1,0,NZ
13,1,0,NZ
12,1,0,NZ
11,1,0,NZ
10,1,0,NZ
9,1,0,NZ
8,1,0,NZ
7,1,0,NZ
6,1,0,NZ
5,1,0,NZ
4,1,0,NZ
3,1,0,NZ
2,1,0,NZ
1,1,0,NZ
31,12,0,NZ
24,3,0,NI
23,3,1,NI
22,3,0,NI
21,3,0,NI
20,3,0,NI
19,3,1,NI
24,3,1,NE
23,3,0,NE
22,3,0,NE
21,3,1,NE
24,3,10,NG
23,3,8,NG
22,3,10,NG
21,3,4,NG
20,3,0,NG
19,3,5,NG
18,3,1,NG
17,3,0,NG
16,3,0,NG
15,3,0,NG
10,3,1,NG
2,3,0,NG
1,3,0,NG
29,2,0,NG
28,2,1,NG
27,2,0,NG
26,2,0,NG
25,2,0,NG
24,2,0,NG
23,2,0,NG
22,2,0,NG
21,2,0,NG
20,2,0,NG
19,2,0,NG
18,2,0,NG
17,2,0,NG
16,2,0,NG
15,2,0,NG
14,2,0,NG
13,2,0,NG
12,2,0,NG
11,2,0,NG
10,2,0,NG
9,2,0,NG
8,2,0,NG
7,2,0,NG
6,2,0,NG
5,2,0,NG
4,2,0,NG
3,2,0,NG
2,2,0,NG
1,2,0,NG
31,1,0,NG
30,1,0,NG
29,1,0,NG
28,1,0,NG
27,1,0,NG
26,1,0,NG
25,1,0,NG
24,1,0,NG
23,1,0,NG
22,1,0,NG
21,1,0,NG
20,1,0,NG
19,1,0,NG
18,1,0,NG
17,1,0,NG
16,1,0,NG
15,1,0,NG
14,1,0,NG
13,1,0,NG
12,1,0,NG
11,1,0,NG
10,1,0,NG
9,1,0,NG
8,1,0,NG
7,1,0,NG
6,1,0,NG
5,1,0,NG
4,1,0,NG
3,1,0,NG
2,1,0,NG
1,1,0,NG
31,12,0,NG
24,3,22,MK
23,3,29,MK
22,3,15,MK
21,3,22,MK
20,3,6,MK
19,3,11,MK
18,3,12,MK
17,3,6,MK
16,3,0,MK
14,3,4,MK
13,3,2,MK
11,3,4,MK
7,3,2,MK
2,3,0,MK
1,3,0,MK
29,2,0,MK
28,2,0,MK
27,2,1,MK
26,2,0,MK
25,2,0,MK
24,2,0,MK
23,2,0,MK
22,2,0,MK
21,2,0,MK
20,2,0,MK
19,2,0,MK
18,2,0,MK
17,2,0,MK
16,2,0,MK
15,2,0,MK
14,2,0,MK
13,2,0,MK
12,2,0,MK
11,2,0,MK
10,2,0,MK
9,2,0,MK
8,2,0,MK
7,2,0,MK
6,2,0,MK
5,2,0,MK
4,2,0,MK
3,2,0,MK
2,2,0,MK
1,2,0,MK
31,1,0,MK
30,1,0,MK
29,1,0,MK
28,1,0,MK
27,1,0,MK
26,1,0,MK
25,1,0,MK
24,1,0,MK
23,1,0,MK
22,1,0,MK
21,1,0,MK
20,1,0,MK
19,1,0,MK
18,1,0,MK
17,1,0,MK
16,1,0,MK
15,1,0,MK
14,1,0,MK
13,1,0,MK
12,1,0,MK
11,1,0,MK
10,1,0,MK
9,1,0,MK
8,1,0,MK
7,1,0,MK
6,1,0,MK
5,1,0,MK
4,1,0,MK
3,1,0,MK
2,1,0,MK
1,1,0,MK
31,12,0,MK
24,3,239,NO
23,3,206,NO
22,3,184,NO
21,3,190,NO
20,3,129,NO
19,3,115,NO
18,3,139,NO
17,3,92,NO
16,3,170,NO
15,3,286,NO
14,3,0,NO
13,3,132,NO
12,3,212,NO
11,3,85,NO
10,3,23,NO
9,3,22,NO
8,3,34,NO
7,3,27,NO
6,3,30,NO
5,3,23,NO
4,3,8,NO
3,3,6,NO
2,3,4,NO
1,3,9,NO
29,2,2,NO
28,2,3,NO
27,2,1,NO
26,2,0,NO
25,2,0,NO
24,2,0,NO
23,2,0,NO
22,2,0,NO
21,2,0,NO
20,2,0,NO
19,2,0,NO
18,2,0,NO
17,2,0,NO
16,2,0,NO
15,2,0,NO
14,2,0,NO
13,2,0,NO
12,2,0,NO
11,2,0,NO
10,2,0,NO
9,2,0,NO
8,2,0,NO
7,2,0,NO
6,2,0,NO
5,2,0,NO
4,2,0,NO
3,2,0,NO
2,2,0,NO
1,2,0,NO
31,1,0,NO
30,1,0,NO
29,1,0,NO
28,1,0,NO
27,1,0,NO
26,1,0,NO
25,1,0,NO
24,1,0,NO
23,1,0,NO
22,1,0,NO
21,1,0,NO
20,1,0,NO
19,1,0,NO
18,1,0,NO
17,1,0,NO
16,1,0,NO
15,1,0,NO
14,1,0,NO
13,1,0,NO
12,1,0,NO
11,1,0,NO
10,1,0,NO
9,1,0,NO
8,1,0,NO
7,1,0,NO
6,1,0,NO
5,1,0,NO
4,1,0,NO
3,1,0,NO
2,1,0,NO
1,1,0,NO
31,12,0,NO
24,3,11,OM
23,3,3,OM
22,3,4,OM
21,3,9,OM
20,3,0,OM
19,3,15,OM
18,3,0,OM
17,3,2,OM
16,3,2,OM
15,3,0,OM
14,3,2,OM
11,3,0,OM
10,3,2,OM
6,3,1,OM
5,3,8,OM
3,3,1,OM
2,3,0,OM
1,3,0,OM
29,2,0,OM
28,2,2,OM
27,2,0,OM
26,2,2,OM
25,2,2,OM
24,2,0,OM
23,2,0,OM
22,2,0,OM
21,2,0,OM
20,2,0,OM
19,2,0,OM
18,2,0,OM
17,2,0,OM
16,2,0,OM
15,2,0,OM
14,2,0,OM
13,2,0,OM
12,2,0,OM
11,2,0,OM
10,2,0,OM
9,2,0,OM
8,2,0,OM
7,2,0,OM
6,2,0,OM
5,2,0,OM
4,2,0,OM
3,2,0,OM
2,2,0,OM
1,2,0,OM
31,1,0,OM
30,1,0,OM
29,1,0,OM
28,1,0,OM
27,1,0,OM
26,1,0,OM
25,1,0,OM
24,1,0,OM
23,1,0,OM
22,1,0,OM
21,1,0,OM
20,1,0,OM
19,1,0,OM
18,1,0,OM
17,1,0,OM
16,1,0,OM
15,1,0,OM
14,1,0,OM
13,1,0,OM
12,1,0,OM
11,1,0,OM
10,1,0,OM
9,1,0,OM
8,1,0,OM
7,1,0,OM
6,1,0,OM
5,1,0,OM
4,1,0,OM
3,1,0,OM
2,1,0,OM
1,1,0,OM
31,12,0,OM
24,3,103,PK
23,3,138,PK
22,3,151,PK
21,3,17,PK
20,3,176,PK
19,3,115,PK
18,3,0,PK
17,3,156,PK
16,3,1,PK
15,3,9,PK
14,3,0,PK
13,3,1,PK
12,3,4,PK
11,3,0,PK
10,3,10,PK
7,3,1,PK
4,3,1,PK
2,3,0,PK
1,3,2,PK
29,2,0,PK
28,2,0,PK
27,2,2,PK
26,2,0,PK
25,2,0,PK
24,2,0,PK
23,2,0,PK
22,2,0,PK
21,2,0,PK
20,2,0,PK
19,2,0,PK
18,2,0,PK
17,2,0,PK
16,2,0,PK
15,2,0,PK
14,2,0,PK
13,2,0,PK
12,2,0,PK
11,2,0,PK
10,2,0,PK
9,2,0,PK
8,2,0,PK
7,2,0,PK
6,2,0,PK
5,2,0,PK
4,2,0,PK
3,2,0,PK
2,2,0,PK
1,2,0,PK
31,1,0,PK
30,1,0,PK
29,1,0,PK
28,1,0,PK
27,1,0,PK
26,1,0,PK
25,1,0,PK
24,1,0,PK
23,1,0,PK
22,1,0,PK
21,1,0,PK
20,1,0,PK
19,1,0,PK
18,1,0,PK
17,1,0,PK
16,1,0,PK
15,1,0,PK
14,1,0,PK
13,1,0,PK
12,1,0,PK
11,1,0,PK
10,1,0,PK
9,1,0,PK
8,1,0,PK
7,1,0,PK
6,1,0,PK
5,1,0,PK
4,1,0,PK
3,1,0,PK
2,1,0,PK
1,1,0,PK
31,12,0,PK
24,3,0,PS
23,3,7,PS
22,3,4,PS
21,3,1,PS
20,3,3,PS
19,3,3,PS
18,3,2,PS
17,3,1,PS
16,3,0,PS
15,3,3,PS
14,3,5,PS
12,3,1,PS
11,3,9,PS
10,3,1,PS
8,3,3,PS
7,3,9,PS
6,3,7,PS
24,3,32,PA
23,3,68,PA
22,3,45,PA
21,3,63,PA
20,3,28,PA
19,3,23,PA
18,3,17,PA
17,3,26,PA
16,3,0,PA
15,3,7,PA
14,3,9,PA
13,3,13,PA
12,3,7,PA
11,3,6,PA
10,3,1,PA
24,3,0,PG
23,3,0,PG
22,3,0,PG
21,3,1,PG
24,3,5,PY
23,3,0,PY
22,3,4,PY
21,3,5,PY
20,3,2,PY
19,3,0,PY
18,3,2,PY
17,3,1,PY
16,3,1,PY
14,3,1,PY
13,3,1,PY
11,3,4,PY
8,3,1,PY
24,3,32,PE
23,3,45,PE
22,3,55,PE
21,3,29,PE
20,3,89,PE
19,3,28,PE
18,3,31,PE
17,3,15,PE
16,3,28,PE
15,3,5,PE
14,3,16,PE
13,3,5,PE
12,3,6,PE
11,3,2,PE
10,3,2,PE
9,3,6,PE
7,3,1,PE
24,3,82,PH
23,3,0,PH
22,3,150,PH
21,3,0,PH
20,3,28,PH
19,3,15,PH
18,3,45,PH
17,3,2,PH
16,3,29,PH
15,3,47,PH
14,3,12,PH
13,3,3,PH
12,3,16,PH
11,3,0,PH
10,3,23,PH
9,3,4,PH
8,3,1,PH
7,3,2,PH
2,3,0,PH
1,3,0,PH
29,2,0,PH
28,2,0,PH
27,2,0,PH
26,2,0,PH
25,2,0,PH
24,2,0,PH
23,2,0,PH
22,2,0,PH
21,2,0,PH
20,2,0,PH
19,2,0,PH
18,2,0,PH
17,2,0,PH
16,2,0,PH
15,2,0,PH
14,2,0,PH
13,2,0,PH
12,2,0,PH
11,2,0,PH
10,2,0,PH
9,2,0,PH
8,2,0,PH
7,2,0,PH
6,2,1,PH
5,2,0,PH
4,2,0,PH
3,2,0,PH
2,2,1,PH
1,2,0,PH
31,1,0,PH
30,1,1,PH
29,1,0,PH
28,1,0,PH
27,1,0,PH
26,1,0,PH
25,1,0,PH
24,1,0,PH
23,1,0,PH
22,1,0,PH
21,1,0,PH
20,1,0,PH
19,1,0,PH
18,1,0,PH
17,1,0,PH
16,1,0,PH
15,1,0,PH
14,1,0,PH
13,1,0,PH
12,1,0,PH
11,1,0,PH
10,1,0,PH
9,1,0,PH
8,1,0,PH
7,1,0,PH
6,1,0,PH
5,1,0,PH
4,1,0,PH
3,1,0,PH
2,1,0,PH
1,1,0,PH
31,12,0,PH
24,3,115,PL
23,3,98,PL
22,3,111,PL
21,3,70,PL
20,3,68,PL
19,3,49,PL
18,3,61,PL
17,3,52,PL
16,3,21,PL
15,3,36,PL
14,3,19,PL
13,3,18,PL
12,3,9,PL
11,3,5,PL
10,3,6,PL
9,3,5,PL
8,3,1,PL
7,3,4,PL
4,3,1,PL
24,3,460,PT
23,3,320,PT
22,3,260,PT
21,3,235,PT
20,3,143,PT
19,3,194,PT
18,3,117,PT
17,3,86,PT
16,3,76,PT
15,3,57,PT
14,3,34,PT
13,3,19,PT
12,3,18,PT
11,3,2,PT
10,3,9,PT
9,3,9,PT
8,3,8,PT
7,3,4,PT
6,3,4,PT
5,3,1,PT
4,3,2,PT
3,3,2,PT
24,3,7,QA
23,3,13,QA
22,3,11,QA
21,3,10,QA
20,3,8,QA
19,3,10,QA
18,3,3,QA
17,3,38,QA
16,3,64,QA
15,3,17,QA
14,3,58,QA
12,3,238,QA
11,3,6,QA
10,3,3,QA
9,3,3,QA
8,3,1,QA
7,3,3,QA
4,3,5,QA
2,3,2,QA
1,3,1,QA
29,2,0,QA
28,2,0,QA
27,2,0,QA
26,2,0,QA
25,2,0,QA
24,2,0,QA
23,2,0,QA
22,2,0,QA
21,2,0,QA
20,2,0,QA
19,2,0,QA
18,2,0,QA
17,2,0,QA
16,2,0,QA
15,2,0,QA
14,2,0,QA
13,2,0,QA
12,2,0,QA
11,2,0,QA
10,2,0,QA
9,2,0,QA
8,2,0,QA
7,2,0,QA
6,2,0,QA
5,2,0,QA
4,2,0,QA
3,2,0,QA
2,2,0,QA
1,2,0,QA
31,1,0,QA
30,1,0,QA
29,1,0,QA
28,1,0,QA
27,1,0,QA
26,1,0,QA
25,1,0,QA
24,1,0,QA
23,1,0,QA
22,1,0,QA
21,1,0,QA
20,1,0,QA
19,1,0,QA
18,1,0,QA
17,1,0,QA
16,1,0,QA
15,1,0,QA
14,1,0,QA
13,1,0,QA
12,1,0,QA
11,1,0,QA
10,1,0,QA
9,1,0,QA
8,1,0,QA
7,1,0,QA
6,1,0,QA
5,1,0,QA
4,1,0,QA
3,1,0,QA
2,1,0,QA
1,1,0,QA
31,12,0,QA
24,3,143,RO
23,3,66,RO
22,3,59,RO
21,3,31,RO
20,3,17,RO
19,3,43,RO
18,3,33,RO
17,3,45,RO
16,3,26,RO
15,3,24,RO
14,3,25,RO
13,3,19,RO
12,3,20,RO
11,3,8,RO
10,3,2,RO
9,3,2,RO
8,3,6,RO
7,3,1,RO
6,3,2,RO
4,3,1,RO
2,3,0,RO
1,3,0,RO
29,2,2,RO
28,2,0,RO
27,2,1,RO
26,2,0,RO
25,2,0,RO
24,2,0,RO
23,2,0,RO
22,2,0,RO
21,2,0,RO
20,2,0,RO
19,2,0,RO
18,2,0,RO
17,2,0,RO
16,2,0,RO
15,2,0,RO
14,2,0,RO
13,2,0,RO
12,2,0,RO
11,2,0,RO
10,2,0,RO
9,2,0,RO
8,2,0,RO
7,2,0,RO
6,2,0,RO
5,2,0,RO
4,2,0,RO
3,2,0,RO
2,2,0,RO
1,2,0,RO
31,1,0,RO
30,1,0,RO
29,1,0,RO
28,1,0,RO
27,1,0,RO
26,1,0,RO
25,1,0,RO
24,1,0,RO
23,1,0,RO
22,1,0,RO
21,1,0,RO
20,1,0,RO
19,1,0,RO
18,1,0,RO
17,1,0,RO
16,1,0,RO
15,1,0,RO
14,1,0,RO
13,1,0,RO
12,1,0,RO
11,1,0,RO
10,1,0,RO
9,1,0,RO
8,1,0,RO
7,1,0,RO
6,1,0,RO
5,1,0,RO
4,1,0,RO
3,1,0,RO
2,1,0,RO
1,1,0,RO
31,12,0,RO
24,3,0,RU
23,3,132,RU
22,3,53,RU
21,3,54,RU
20,3,52,RU
19,3,33,RU
18,3,21,RU
17,3,30,RU
16,3,4,RU
15,3,14,RU
14,3,15,RU
13,3,5,RU
12,3,15,RU
10,3,0,RU
7,3,6,RU
4,3,1,RU
3,3,1,RU
2,3,0,RU
1,3,0,RU
29,2,0,RU
28,2,0,RU
27,2,0,RU
26,2,0,RU
25,2,0,RU
24,2,0,RU
23,2,0,RU
22,2,0,RU
21,2,0,RU
20,2,0,RU
19,2,0,RU
18,2,0,RU
17,2,0,RU
16,2,0,RU
15,2,0,RU
14,2,0,RU
13,2,0,RU
12,2,0,RU
11,2,0,RU
10,2,0,RU
9,2,0,RU
8,2,0,RU
7,2,0,RU
6,2,0,RU
5,2,0,RU
4,2,0,RU
3,2,0,RU
2,2,0,RU
1,2,2,RU
31,1,0,RU
30,1,0,RU
29,1,0,RU
28,1,0,RU
27,1,0,RU
26,1,0,RU
25,1,0,RU
24,1,0,RU
23,1,0,RU
22,1,0,RU
21,1,0,RU
20,1,0,RU
19,1,0,RU
18,1,0,RU
17,1,0,RU
16,1,0,RU
15,1,0,RU
14,1,0,RU
13,1,0,RU
12,1,0,RU
11,1,0,RU
10,1,0,RU
9,1,0,RU
8,1,0,RU
7,1,0,RU
6,1,0,RU
5,1,0,RU
4,1,0,RU
3,1,0,RU
2,1,0,RU
1,1,0,RU
31,12,0,RU
24,3,17,RW
23,3,2,RW
22,3,0,RW
21,3,6,RW
20,3,0,RW
19,3,4,RW
18,3,2,RW
17,3,0,RW
16,3,4,RW
15,3,1,RW
24,3,0,LC
23,3,0,LC
22,3,0,LC
21,3,0,LC
20,3,0,LC
19,3,0,LC
18,3,0,LC
17,3,0,LC
16,3,0,LC
15,3,2,LC
13,3,1,VC
24,3,36,SM
23,3,0,SM
22,3,0,SM
21,3,25,SM
20,3,17,SM
19,3,5,SM
18,3,2,SM
17,3,4,SM
16,3,6,SM
15,3,19,SM
14,3,6,SM
13,3,1,SM
12,3,4,SM
11,3,13,SM
10,3,12,SM
9,3,11,SM
8,3,3,SM
7,3,1,SM
6,3,7,SM
5,3,5,SM
4,3,2,SM
2,3,7,SM
1,3,0,SM
29,2,0,SM
28,2,1,SM
27,2,0,SM
26,2,0,SM
25,2,0,SM
24,2,0,SM
23,2,0,SM
22,2,0,SM
21,2,0,SM
20,2,0,SM
19,2,0,SM
18,2,0,SM
17,2,0,SM
16,2,0,SM
15,2,0,SM
14,2,0,SM
13,2,0,SM
12,2,0,SM
11,2,0,SM
10,2,0,SM
9,2,0,SM
8,2,0,SM
7,2,0,SM
6,2,0,SM
5,2,0,SM
4,2,0,SM
3,2,0,SM
2,2,0,SM
1,2,0,SM
31,1,0,SM
30,1,0,SM
29,1,0,SM
28,1,0,SM
27,1,0,SM
26,1,0,SM
25,1,0,SM
24,1,0,SM
23,1,0,SM
22,1,0,SM
21,1,0,SM
20,1,0,SM
19,1,0,SM
18,1,0,SM
17,1,0,SM
16,1,0,SM
15,1,0,SM
14,1,0,SM
13,1,0,SM
12,1,0,SM
11,1,0,SM
10,1,0,SM
9,1,0,SM
8,1,0,SM
7,1,0,SM
6,1,0,SM
5,1,0,SM
4,1,0,SM
3,1,0,SM
2,1,0,SM
1,1,0,SM
31,12,0,SM
24,3,51,SA
23,3,119,SA
22,3,118,SA
21,3,36,SA
20,3,67,SA
19,3,38,SA
18,3,0,SA
17,3,15,SA
16,3,32,SA
15,3,0,SA
14,3,24,SA
13,3,17,SA
12,3,25,SA
11,3,5,SA
10,3,4,SA
9,3,4,SA
8,3,2,SA
6,3,4,SA
3,3,1,SA
24,3,12,SN
23,3,11,SN
22,3,9,SN
21,3,11,SN
20,3,0,SN
19,3,5,SN
18,3,4,SN
17,3,1,SN
16,3,5,SN
15,3,2,SN
14,3,13,SN
13,3,2,SN
6,3,1,SN
5,3,2,SN
3,3,1,SN
24,3,34,RS
23,3,39,RS
22,3,14,RS
21,3,9,RS
20,3,32,RS
19,3,22,RS
18,3,15,RS
17,3,2,RS
16,3,9,RS
15,3,5,RS
14,3,17,RS
13,3,6,RS
12,3,13,RS
11,3,4,RS
7,3,1,RS
24,3,0,SC
23,3,0,SC
22,3,0,SC
21,3,1,SC
20,3,0,SC
19,3,2,SC
18,3,0,SC
17,3,1,SC
16,3,1,SC
15,3,2,SC
24,3,54,SG
23,3,23,SG
22,3,47,SG
21,3,40,SG
20,3,32,SG
19,3,47,SG
18,3,23,SG
17,3,17,SG
16,3,12,SG
15,3,14,SG
14,3,13,SG
13,3,9,SG
12,3,12,SG
11,3,6,SG
10,3,10,SG
9,3,12,SG
8,3,8,SG
7,3,13,SG
6,3,5,SG
5,3,2,SG
4,3,2,SG
3,3,2,SG
2,3,4,SG
1,3,4,SG
29,2,2,SG
28,2,3,SG
27,2,2,SG
26,2,1,SG
25,2,1,SG
24,2,0,SG
23,2,3,SG
22,2,1,SG
21,2,1,SG
20,2,3,SG
19,2,4,SG
18,2,2,SG
17,2,3,SG
16,2,5,SG
15,2,9,SG
14,2,8,SG
13,2,3,SG
12,2,2,SG
11,2,2,SG
10,2,3,SG
9,2,7,SG
8,2,3,SG
7,2,2,SG
6,2,4,SG
5,2,6,SG
4,2,0,SG
3,2,0,SG
2,2,2,SG
1,2,3,SG
31,1,3,SG
30,1,3,SG
29,1,2,SG
28,1,1,SG
27,1,0,SG
26,1,1,SG
25,1,0,SG
24,1,3,SG
23,1,0,SG
22,1,0,SG
21,1,0,SG
20,1,0,SG
19,1,0,SG
18,1,0,SG
17,1,0,SG
16,1,0,SG
15,1,0,SG
14,1,0,SG
13,1,0,SG
12,1,0,SG
11,1,0,SG
10,1,0,SG
9,1,0,SG
8,1,0,SG
7,1,0,SG
6,1,0,SG
5,1,0,SG
4,1,0,SG
3,1,0,SG
2,1,0,SG
1,1,0,SG
31,12,0,SG
24,3,6,SK
23,3,7,SK
22,3,41,SK
21,3,14,SK
20,3,16,SK
19,3,10,SK
18,3,13,SK
17,3,23,SK
16,3,17,SK
15,3,14,SK
14,3,9,SK
13,3,11,SK
12,3,3,SK
11,3,2,SK
9,3,2,SK
8,3,2,SK
7,3,1,SK
24,3,28,SI
23,3,31,SI
22,3,42,SI
21,3,22,SI
20,3,33,SI
19,3,11,SI
18,3,22,SI
17,3,34,SI
16,3,38,SI
15,3,40,SI
14,3,45,SI
13,3,39,SI
12,3,26,SI
11,3,15,SI
9,3,4,SI
8,3,3,SI
7,3,3,SI
6,3,5,SI
5,3,1,SI
24,3,0,SO
23,3,0,SO
22,3,0,SO
21,3,0,SO
20,3,0,SO
19,3,0,SO
18,3,0,SO
17,3,1,SO
24,3,128,ZA
23,3,34,ZA
22,3,35,ZA
21,3,55,ZA
20,3,34,ZA
19,3,31,ZA
18,3,23,ZA
17,3,11,ZA
16,3,27,ZA
15,3,0,ZA
14,3,7,ZA
13,3,4,ZA
12,3,6,ZA
10,3,4,ZA
9,3,1,ZA
8,3,1,ZA
6,3,1,ZA
24,3,76,KR
23,3,64,KR
22,3,98,KR
21,3,147,KR
20,3,87,KR
19,3,152,KR
18,3,93,KR
17,3,84,KR
16,3,74,KR
15,3,76,KR
14,3,107,KR
13,3,110,KR
12,3,114,KR
11,3,242,KR
10,3,131,KR
9,3,248,KR
8,3,367,KR
7,3,483,KR
6,3,518,KR
5,3,438,KR
4,3,516,KR
3,3,600,KR
2,3,686,KR
1,3,595,KR
29,2,909,KR
28,2,427,KR
27,2,449,KR
26,2,254,KR
25,2,130,KR
24,2,161,KR
23,2,256,KR
22,2,190,KR
21,2,75,KR
20,2,34,KR
19,2,15,KR
18,2,1,KR
17,2,1,KR
16,2,1,KR
15,2,0,KR
14,2,0,KR
13,2,0,KR
12,2,0,KR
11,2,1,KR
10,2,2,KR
9,2,1,KR
8,2,0,KR
7,2,1,KR
6,2,5,KR
5,2,2,KR
4,2,1,KR
3,2,0,KR
2,2,3,KR
1,2,5,KR
31,1,3,KR
30,1,0,KR
29,1,0,KR
28,1,0,KR
27,1,1,KR
26,1,1,KR
25,1,0,KR
24,1,1,KR
23,1,0,KR
22,1,0,KR
21,1,0,KR
20,1,1,KR
19,1,0,KR
18,1,0,KR
17,1,0,KR
16,1,0,KR
15,1,0,KR
14,1,0,KR
13,1,0,KR
12,1,0,KR
11,1,0,KR
10,1,0,KR
9,1,0,KR
8,1,0,KR
7,1,0,KR
6,1,0,KR
5,1,0,KR
4,1,0,KR
3,1,0,KR
2,1,0,KR
1,1,0,KR
31,12,0,KR
24,3,4517,ES
23,3,3646,ES
22,3,4946,ES
21,3,2833,ES
20,3,3431,ES
19,3,2538,ES
18,3,1987,ES
17,3,1438,ES
16,3,2000,ES
15,3,1522,ES
14,3,1227,ES
13,3,864,ES
12,3,501,ES
11,3,435,ES
10,3,615,ES
9,3,159,ES
8,3,56,ES
7,3,113,ES
6,3,61,ES
5,3,49,ES
4,3,37,ES
3,3,31,ES
2,3,17,ES
1,3,32,ES
29,2,9,ES
28,2,13,ES
27,2,5,ES
26,2,4,ES
25,2,1,ES
24,2,0,ES
23,2,0,ES
22,2,0,ES
21,2,0,ES
20,2,0,ES
19,2,0,ES
18,2,0,ES
17,2,0,ES
16,2,0,ES
15,2,0,ES
14,2,0,ES
13,2,0,ES
12,2,0,ES
11,2,0,ES
10,2,1,ES
9,2,0,ES
8,2,0,ES
7,2,0,ES
6,2,0,ES
5,2,0,ES
4,2,0,ES
3,2,0,ES
2,2,0,ES
1,2,1,ES
31,1,0,ES
30,1,0,ES
29,1,0,ES
28,1,0,ES
27,1,0,ES
26,1,0,ES
25,1,0,ES
24,1,0,ES
23,1,0,ES
22,1,0,ES
21,1,0,ES
20,1,0,ES
19,1,0,ES
18,1,0,ES
17,1,0,ES
16,1,0,ES
15,1,0,ES
14,1,0,ES
13,1,0,ES
12,1,0,ES
11,1,0,ES
10,1,0,ES
9,1,0,ES
8,1,0,ES
7,1,0,ES
6,1,0,ES
5,1,0,ES
4,1,0,ES
3,1,0,ES
2,1,0,ES
1,1,0,ES
31,12,0,ES
24,3,10,LK
23,3,9,LK
22,3,12,LK
21,3,13,LK
20,3,11,LK
19,3,0,LK
18,3,13,LK
17,3,10,LK
16,3,8,LK
15,3,5,LK
14,3,3,LK
13,3,1,LK
12,3,1,LK
2,3,0,LK
1,3,0,LK
29,2,0,LK
28,2,0,LK
27,2,0,LK
26,2,0,LK
25,2,0,LK
24,2,0,LK
23,2,0,LK
22,2,0,LK
21,2,0,LK
20,2,0,LK
19,2,0,LK
18,2,0,LK
17,2,0,LK
16,2,0,LK
15,2,0,LK
14,2,0,LK
13,2,0,LK
12,2,0,LK
11,2,0,LK
10,2,0,LK
9,2,0,LK
8,2,0,LK
7,2,0,LK
6,2,0,LK
5,2,0,LK
4,2,0,LK
3,2,0,LK
2,2,0,LK
1,2,0,LK
31,1,0,LK
30,1,0,LK
29,1,0,LK
28,1,1,LK
27,1,0,LK
26,1,0,LK
25,1,0,LK
24,1,0,LK
23,1,0,LK
22,1,0,LK
21,1,0,LK
20,1,0,LK
19,1,0,LK
18,1,0,LK
17,1,0,LK
16,1,0,LK
15,1,0,LK
14,1,0,LK
13,1,0,LK
12,1,0,LK
11,1,0,LK
10,1,0,LK
9,1,0,LK
8,1,0,LK
7,1,0,LK
6,1,0,LK
5,1,0,LK
4,1,0,LK
3,1,0,LK
2,1,0,LK
1,1,0,LK
31,12,0,LK
24,3,0,SD
23,3,0,SD
22,3,0,SD
21,3,0,SD
20,3,0,SD
19,3,1,SD
18,3,0,SD
17,3,0,SD
16,3,0,SD
15,3,0,SD
14,3,1,SD
24,3,1,SR
23,3,0,SR
22,3,4,SR
21,3,0,SR
15,3,1,SR
24,3,110,SE
23,3,160,SE
22,3,123,SE
21,3,200,SE
20,3,122,SE
19,3,134,SE
18,3,46,SE
17,3,89,SE
16,3,108,SE
15,3,149,SE
14,3,155,SE
13,3,158,SE
12,3,136,SE
11,3,78,SE
10,3,45,SE
9,3,42,SE
8,3,24,SE
7,3,76,SE
6,3,26,SE
5,3,11,SE
4,3,9,SE
3,3,1,SE
2,3,1,SE
1,3,1,SE
29,2,5,SE
28,2,5,SE
27,2,1,SE
26,2,0,SE
25,2,0,SE
24,2,0,SE
23,2,0,SE
22,2,0,SE
21,2,0,SE
20,2,0,SE
19,2,0,SE
18,2,0,SE
17,2,0,SE
16,2,0,SE
15,2,0,SE
14,2,0,SE
13,2,0,SE
12,2,0,SE
11,2,0,SE
10,2,0,SE
9,2,0,SE
8,2,0,SE
7,2,0,SE
6,2,0,SE
5,2,0,SE
4,2,0,SE
3,2,0,SE
2,2,0,SE
1,2,1,SE
31,1,0,SE
30,1,0,SE
29,1,0,SE
28,1,0,SE
27,1,0,SE
26,1,0,SE
25,1,0,SE
24,1,0,SE
23,1,0,SE
22,1,0,SE
21,1,0,SE
20,1,0,SE
19,1,0,SE
18,1,0,SE
17,1,0,SE
16,1,0,SE
15,1,0,SE
14,1,0,SE
13,1,0,SE
12,1,0,SE
11,1,0,SE
10,1,0,SE
9,1,0,SE
8,1,0,SE
7,1,0,SE
6,1,0,SE
5,1,0,SE
4,1,0,SE
3,1,0,SE
2,1,0,SE
1,1,0,SE
31,12,0,SE
24,3,1044,CH
23,3,894,CH
22,3,1237,CH
21,3,952,CH
20,3,878,CH
19,3,360,CH
18,3,450,CH
17,3,0,CH
16,3,841,CH
15,3,238,CH
14,3,267,CH
13,3,212,CH
12,3,152,CH
11,3,116,CH
10,3,42,CH
9,3,68,CH
8,3,55,CH
7,3,122,CH
6,3,30,CH
5,3,20,CH
4,3,7,CH
3,3,6,CH
2,3,6,CH
1,3,6,CH
29,2,4,CH
28,2,7,CH
27,2,0,CH
26,2,1,CH
25,2,0,CH
24,2,0,CH
23,2,0,CH
22,2,0,CH
21,2,0,CH
20,2,0,CH
19,2,0,CH
18,2,0,CH
17,2,0,CH
16,2,0,CH
15,2,0,CH
14,2,0,CH
13,2,0,CH
12,2,0,CH
11,2,0,CH
10,2,0,CH
9,2,0,CH
8,2,0,CH
7,2,0,CH
6,2,0,CH
5,2,0,CH
4,2,0,CH
3,2,0,CH
2,2,0,CH
1,2,0,CH
31,1,0,CH
30,1,0,CH
29,1,0,CH
28,1,0,CH
27,1,0,CH
26,1,0,CH
25,1,0,CH
24,1,0,CH
23,1,0,CH
22,1,0,CH
21,1,0,CH
20,1,0,CH
19,1,0,CH
18,1,0,CH
17,1,0,CH
16,1,0,CH
15,1,0,CH
14,1,0,CH
13,1,0,CH
12,1,0,CH
11,1,0,CH
10,1,0,CH
9,1,0,CH
8,1,0,CH
7,1,0,CH
6,1,0,CH
5,1,0,CH
4,1,0,CH
3,1,0,CH
2,1,0,CH
1,1,0,CH
31,12,0,CH
24,3,0,SY
23,3,1,SY
24,3,30,TW
23,3,12,TW
22,3,18,TW
21,3,27,TW
20,3,0,TW
19,3,31,TW
18,3,10,TW
17,3,8,TW
16,3,0,TW
15,3,6,TW
14,3,4,TW
13,3,1,TW
12,3,0,TW
11,3,3,TW
9,3,0,TW
8,3,0,TW
7,3,1,TW
6,3,2,TW
4,3,1,TW
3,3,1,TW
2,3,0,TW
1,3,1,TW
29,2,5,TW
28,2,2,TW
27,2,1,TW
26,2,1,TW
25,2,2,TW
24,2,2,TW
23,2,0,TW
22,2,2,TW
21,2,0,TW
20,2,2,TW
19,2,0,TW
18,2,2,TW
17,2,2,TW
16,2,0,TW
15,2,0,TW
14,2,0,TW
13,2,0,TW
12,2,0,TW
11,2,0,TW
10,2,0,TW
9,2,1,TW
8,2,1,TW
7,2,5,TW
6,2,0,TW
5,2,1,TW
4,2,0,TW
3,2,0,TW
2,2,0,TW
1,2,1,TW
31,1,1,TW
30,1,0,TW
29,1,1,TW
28,1,2,TW
27,1,2,TW
26,1,0,TW
25,1,2,TW
24,1,0,TW
23,1,0,TW
22,1,0,TW
21,1,1,TW
20,1,0,TW
19,1,0,TW
18,1,0,TW
17,1,0,TW
16,1,0,TW
15,1,0,TW
14,1,0,TW
13,1,0,TW
12,1,0,TW
11,1,0,TW
10,1,0,TW
9,1,0,TW
8,1,0,TW
7,1,0,TW
6,1,0,TW
5,1,0,TW
4,1,0,TW
3,1,0,TW
2,1,0,TW
1,1,0,TW
31,12,0,TW
24,3,106,TH
23,3,122,TH
22,3,233,TH
21,3,154,TH
20,3,35,TH
19,3,0,TH
18,3,0,TH
17,3,63,TH
16,3,32,TH
15,3,0,TH
14,3,12,TH
12,3,11,TH
11,3,9,TH
7,3,3,TH
5,3,4,TH
2,3,1,TH
1,3,0,TH
29,2,2,TH
28,2,0,TH
27,2,0,TH
26,2,3,TH
25,2,2,TH
24,2,0,TH
23,2,0,TH
22,2,0,TH
21,2,0,TH
20,2,0,TH
19,2,0,TH
18,2,1,TH
17,2,0,TH
16,2,0,TH
15,2,1,TH
14,2,0,TH
13,2,0,TH
12,2,1,TH
11,2,0,TH
10,2,0,TH
9,2,0,TH
8,2,7,TH
7,2,0,TH
6,2,0,TH
5,2,6,TH
4,2,0,TH
3,2,0,TH
2,2,0,TH
1,2,5,TH
31,1,0,TH
30,1,0,TH
29,1,0,TH
28,1,6,TH
27,1,3,TH
26,1,0,TH
25,1,1,TH
24,1,0,TH
23,1,0,TH
22,1,2,TH
21,1,0,TH
20,1,0,TH
19,1,0,TH
18,1,0,TH
17,1,1,TH
16,1,0,TH
15,1,0,TH
14,1,0,TH
13,1,1,TH
12,1,0,TH
11,1,0,TH
10,1,0,TH
9,1,0,TH
8,1,0,TH
7,1,0,TH
6,1,0,TH
5,1,0,TH
4,1,0,TH
3,1,0,TH
2,1,0,TH
1,1,0,TH
31,12,0,TH
24,3,0,TL
23,3,0,TL
22,3,1,TL
24,3,3,TG
23,3,0,TG
22,3,6,TG
21,3,8,TG
20,3,0,TG
19,3,0,TG
18,3,0,TG
17,3,0,TG
16,3,0,TG
15,3,0,TG
7,3,1,TG
24,3,1,TT
23,3,1,TT
22,3,40,TT
21,3,0,TT
20,3,0,TT
19,3,2,TT
18,3,2,TT
17,3,1,TT
16,3,2,TT
15,3,0,TT
14,3,1,TT
13,3,1,TT
24,3,14,TN
23,3,15,TN
22,3,6,TN
21,3,15,TN
20,3,10,TN
19,3,5,TN
18,3,4,TN
17,3,2,TN
16,3,2,TN
15,3,0,TN
14,3,3,TN
13,3,6,TN
12,3,2,TN
11,3,3,TN
10,3,1,TN
3,3,1,TN
24,3,293,TR
23,3,289,TR
22,3,277,TR
21,3,311,TR
20,3,168,TR
19,3,93,TR
18,3,51,TR
17,3,29,TR
16,3,16,TR
13,3,1,TR
12,3,1,TR
24,3,8,UG
23,3,0,UG
22,3,1,UG
24,3,26,UA
23,3,6,UA
22,3,15,UA
21,3,0,UA
20,3,7,UA
19,3,5,UA
18,3,9,UA
17,3,2,UA
16,3,0,UA
13,3,2,UA
4,3,1,UA
24,3,45,AE
23,3,0,AE
22,3,13,AE
21,3,0,AE
20,3,27,AE
19,3,0,AE
18,3,15,AE
17,3,12,AE
16,3,1,AE
15,3,0,AE
13,3,11,AE
11,3,15,AE
10,3,14,AE
8,3,16,AE
6,3,2,AE
4,3,6,AE
2,3,0,AE
1,3,2,AE
29,2,0,AE
28,2,6,AE
27,2,0,AE
26,2,0,AE
25,2,0,AE
24,2,0,AE
23,2,2,AE
22,2,2,AE
21,2,0,AE
20,2,0,AE
19,2,0,AE
18,2,0,AE
17,2,1,AE
16,2,0,AE
15,2,0,AE
14,2,0,AE
13,2,0,AE
12,2,0,AE
11,2,1,AE
10,2,0,AE
9,2,0,AE
8,2,2,AE
7,2,0,AE
6,2,0,AE
5,2,0,AE
4,2,0,AE
3,2,0,AE
2,2,1,AE
1,2,0,AE
31,1,0,AE
30,1,3,AE
29,1,0,AE
28,1,0,AE
27,1,1,AE
26,1,0,AE
25,1,0,AE
24,1,0,AE
23,1,0,AE
22,1,0,AE
21,1,0,AE
20,1,0,AE
19,1,0,AE
18,1,0,AE
17,1,0,AE
16,1,0,AE
15,1,0,AE
14,1,0,AE
13,1,0,AE
12,1,0,AE
11,1,0,AE
10,1,0,AE
9,1,0,AE
8,1,0,AE
7,1,0,AE
6,1,0,AE
5,1,0,AE
4,1,0,AE
3,1,0,AE
2,1,0,AE
1,1,0,AE
31,12,0,AE
24,3,967,UK
23,3,665,UK
22,3,1035,UK
21,3,706,UK
20,3,647,UK
19,3,680,UK
18,3,407,UK
17,3,152,UK
16,3,251,UK
15,3,433,UK
14,3,117,UK
13,3,134,UK
12,3,83,UK
11,3,52,UK
10,3,48,UK
9,3,67,UK
8,3,43,UK
7,3,48,UK
6,3,30,UK
5,3,34,UK
4,3,11,UK
3,3,4,UK
2,3,13,UK
1,3,5,UK
29,2,2,UK
28,2,3,UK
27,2,0,UK
26,2,0,UK
25,2,0,UK
24,2,4,UK
23,2,0,UK
22,2,0,UK
21,2,0,UK
20,2,0,UK
19,2,0,UK
18,2,0,UK
17,2,0,UK
16,2,0,UK
15,2,0,UK
14,2,0,UK
13,2,1,UK
12,2,0,UK
11,2,4,UK
10,2,0,UK
9,2,1,UK
8,2,0,UK
7,2,1,UK
6,2,0,UK
5,2,0,UK
4,2,0,UK
3,2,0,UK
2,2,0,UK
1,2,0,UK
31,1,2,UK
30,1,0,UK
29,1,0,UK
28,1,0,UK
27,1,0,UK
26,1,0,UK
25,1,0,UK
24,1,0,UK
23,1,0,UK
22,1,0,UK
21,1,0,UK
20,1,0,UK
19,1,0,UK
18,1,0,UK
17,1,0,UK
16,1,0,UK
15,1,0,UK
14,1,0,UK
13,1,0,UK
12,1,0,UK
11,1,0,UK
10,1,0,UK
9,1,0,UK
8,1,0,UK
7,1,0,UK
6,1,0,UK
5,1,0,UK
4,1,0,UK
3,1,0,UK
2,1,0,UK
1,1,0,UK
31,12,0,UK
24,3,0,TZ
23,3,6,TZ
22,3,3,TZ
21,3,0,TZ
20,3,0,TZ
19,3,2,TZ
18,3,0,TZ
17,3,1,TZ
24,3,11236,US
23,3,8459,US
22,3,7123,US
21,3,5374,US
20,3,4835,US
19,3,2988,US
18,3,1766,US
17,3,887,US
16,3,823,US
15,3,777,US
14,3,511,US
13,3,351,US
12,3,287,US
11,3,271,US
10,3,200,US
9,3,121,US
8,3,95,US
7,3,105,US
6,3,74,US
5,3,34,US
4,3,22,US
3,3,14,US
2,3,20,US
1,3,3,US
29,2,6,US
28,2,1,US
27,2,6,US
26,2,0,US
25,2,18,US
24,2,0,US
23,2,0,US
22,2,19,US
21,2,1,US
20,2,0,US
19,2,0,US
18,2,0,US
17,2,0,US
16,2,0,US
15,2,0,US
14,2,1,US
13,2,1,US
12,2,0,US
11,2,1,US
10,2,0,US
9,2,0,US
8,2,0,US
7,2,0,US
6,2,1,US
5,2,0,US
4,2,0,US
3,2,3,US
2,2,1,US
1,2,1,US
31,1,1,US
30,1,0,US
29,1,0,US
28,1,0,US
27,1,3,US
26,1,0,US
25,1,1,US
24,1,0,US
23,1,0,US
22,1,0,US
21,1,1,US
20,1,0,US
19,1,0,US
18,1,0,US
17,1,0,US
16,1,0,US
15,1,0,US
14,1,0,US
13,1,0,US
12,1,0,US
11,1,0,US
10,1,0,US
9,1,0,US
8,1,0,US
7,1,0,US
6,1,0,US
5,1,0,US
4,1,0,US
3,1,0,US
2,1,0,US
1,1,0,US
31,12,0,US
24,3,17,VI
24,3,4,UY
23,3,23,UY
22,3,25,UY
21,3,16,UY
20,3,15,UY
19,3,29,UY
18,3,21,UY
17,3,21,UY
16,3,2,UY
15,3,6,UY
24,3,3,UZ
23,3,13,UZ
22,3,0,UZ
21,3,10,UZ
20,3,0,UZ
19,3,7,UZ
18,3,8,UZ
17,3,2,UZ
16,3,6,UZ
24,3,48,VE
23,3,0,VE
22,3,0,VE
21,3,3,VE
20,3,0,VE
19,3,0,VE
18,3,0,VE
17,3,18,VE
16,3,5,VE
15,3,10,VE
24,3,5,VN
23,3,24,VN
22,3,7,VN
21,3,2,VN
20,3,9,VN
19,3,15,VN
18,3,0,VN
17,3,4,VN
16,3,4,VN
15,3,4,VN
14,3,5,VN
13,3,5,VN
12,3,4,VN
11,3,4,VN
10,3,1,VN
9,3,9,VN
8,3,4,VN
7,3,1,VN
2,3,0,VN
1,3,0,VN
29,2,0,VN
28,2,0,VN
27,2,0,VN
26,2,0,VN
25,2,0,VN
24,2,0,VN
23,2,0,VN
22,2,0,VN
21,2,0,VN
20,2,0,VN
19,2,0,VN
18,2,0,VN
17,2,0,VN
16,2,0,VN
15,2,0,VN
14,2,0,VN
13,2,1,VN
12,2,0,VN
11,2,1,VN
10,2,0,VN
9,2,1,VN
8,2,1,VN
7,2,2,VN
6,2,0,VN
5,2,1,VN
4,2,1,VN
3,2,1,VN
2,2,2,VN
1,2,0,VN
31,1,3,VN
30,1,0,VN
29,1,0,VN
28,1,0,VN
27,1,0,VN
26,1,0,VN
25,1,0,VN
24,1,2,VN
23,1,0,VN
22,1,0,VN
21,1,0,VN
20,1,0,VN
19,1,0,VN
18,1,0,VN
17,1,0,VN
16,1,0,VN
15,1,0,VN
14,1,0,VN
13,1,0,VN
12,1,0,VN
11,1,0,VN
10,1,0,VN
9,1,0,VN
8,1,0,VN
7,1,0,VN
6,1,0,VN
5,1,0,VN
4,1,0,VN
3,1,0,VN
2,1,0,VN
1,1,0,VN
31,12,0,VN
24,3,0,ZM
23,3,1,ZM
22,3,0,ZM
21,3,0,ZM
20,3,0,ZM
19,3,2,ZM
24,3,0,ZW
23,3,0,ZW
22,3,1,ZW
21,3,1,ZW